#ifndef SAMPLE_H_
#define SAMPLE_H_

#include <avr/pgmspace.h>

const uint8_t table[] PROGMEM = {
0x7F,0x7F,0x7F,0x7F,
0x7F,0x7E,0x7F,0x7F,0x7F,0x7C,0x7D,0x7D,0x7E,0x7F,0x7E,0x7F,0x7F,0x7F,0x80,0x80,
0x81,0x81,0x80,0x80,0x7F,0x7F,0x7F,0x7F,0x7E,0x7F,0x81,0x80,0x80,0x81,0x80,0x80,
0x80,0x7F,0x7F,0x7F,0x7E,0x7E,0x7E,0x7E,0x7F,0x7F,0x7F,0x80,0x7F,0x80,0x80,0x81,
0x80,0x80,0x80,0x7F,0x7F,0x7F,0x7F,0x7F,0x7F,0x80,0x80,0x80,0x80,0x80,0x80,0x7F,
0x7F,0x80,0x7F,0x7F,0x80,0x7F,0x7F,0x7F,0x7F,0x80,0x80,0x80,0x7F,0x7F,0x7F,0x7F,
0x7F,0x7F,0x7F,0x7F,0x7F,0x7F,0x80,0x7F,0x80,0x80,0x7F,0x80,0x80,0x80,0x7F,0x80,
0x80,0x80,0x7F,0x7F,0x7E,0x7E,0x7E,0x7E,0x7F,0x7F,0x7F,0x7F,0x80,0x80,0x81,0x81,
0x80,0x80,0x7F,0x7E,0x7E,0x7E,0x7D,0x7E,0x7E,0x7E,0x80,0x80,0x80,0x81,0x80,0x7F,
0x80,0x7F,0x80,0x7F,0x7F,0x80,0x7F,0x80,0x80,0x80,0x81,0x80,0x80,0x80,0x80,0x7F,
0x7F,0x7F,0x7E,0x7E,0x7D,0x7E,0x7F,0x7F,0x80,0x7F,0x7F,0x80,0x80,0x81,0x80,0x80,
0x7F,0x80,0x7F,0x7F,0x80,0x7F,0x80,0x80,0x7F,0x7F,0x7F,0x7F,0x80,0x80,0x80,0x80,
0x80,0x7F,0x7F,0x7F,0x7F,0x7F,0x7E,0x7F,0x7F,0x7F,0x80,0x80,0x81,0x81,0x81,0x82,
0x81,0x82,0x81,0x81,0x81,0x80,0x7F,0x7F,0x7F,0x7E,0x7E,0x7E,0x7F,0x7F,0x80,0x7F,
0x80,0x80,0x7F,0x80,0x7F,0x80,0x80,0x80,0x80,0x80,0x80,0x7F,0x80,0x7F,0x7F,0x7F,
0x80,0x80,0x7F,0x81,0x81,0x81,0x81,0x80,0x81,0x80,0x7F,0x7F,0x7F,0x7F,0x7E,0x7E,
0x7F,0x7E,0x7F,0x7F,0x7F,0x7F,0x7F,0x7F,0x7E,0x80,0x80,0x7F,0x7F,0x7F,0x7F,0x7F,
0x80,0x7F,0x80,0x81,0x80,0x80,0x80,0x80,0x80,0x7F,0x80,0x7F,0x7F,0x7F,0x7F,0x80,
0x7F,0x80,0x80,0x80,0x80,0x81,0x80,0x80,0x80,0x7F,0x7F,0x7F,0x7E,0x7F,0x7F,0x7F,
0x80,0x7F,0x80,0x80,0x80,0x80,0x7F,0x80,0x7F,0x80,0x80,0x7F,0x80,0x80,0x80,0x80,
0x7F,0x80,0x7F,0x80,0x80,0x80,0x80,0x80,0x81,0x80,0x80,0x81,0x80,0x80,0x80,0x7F,
0x7F,0x7F,0x7F,0x7F,0x80,0x7F,0x7F,0x7F,0x7F,0x7F,0x80,0x80,0x80,0x80,0x80,0x80,
0x7F,0x7F,0x7F,0x7F,0x7F,0x7F,0x80,0x7F,0x80,0x7F,0x7F,0x80,0x7F,0x7F,0x7F,0x7F,
0x7E,0x7F,0x7F,0x7F,0x7F,0x80,0x80,0x80,0x80,0x80,0x81,0x80,0x80,0x7F,0x7F,0x7F,
0x7F,0x80,0x80,0x80,0x7F,0x80,0x7F,0x7F,0x7F,0x7F,0x7F,0x7F,0x7F,0x7F,0x7F,0x7F,
0x7F,0x7F,0x80,0x7F,0x7F,0x7F,0x80,0x7F,0x80,0x7F,0x7F,0x80,0x7E,0x7F,0x7F,0x7F,
0x7F,0x80,0x80,0x7F,0x80,0x80,0x7F,0x81,0x80,0x80,0x81,0x80,0x80,0x81,0x80,0x80,
0x80,0x7F,0x7F,0x7F,0x7F,0x7F,0x7F,0x7F,0x7F,0x7F,0x80,0x7F,0x7F,0x7F,0x7E,0x7E,
0x7E,0x7E,0x7E,0x7E,0x7E,0x7F,0x7F,0x7F,0x80,0x81,0x81,0x82,0x81,0x81,0x81,0x80,
0x80,0x7F,0x7F,0x7F,0x7F,0x7F,0x7F,0x7F,0x80,0x80,0x80,0x80,0x80,0x80,0x7F,0x80,
0x80,0x7F,0x80,0x7F,0x7F,0x7F,0x7E,0x7E,0x7E,0x7F,0x7F,0x7F,0x7F,0x7F,0x7F,0x7F,
0x80,0x80,0x80,0x80,0x7F,0x80,0x7F,0x7F,0x7E,0x7F,0x7F,0x7F,0x7F,0x7E,0x7F,0x7E,
0x80,0x80,0x81,0x7F,0x7F,0x7F,0x80,0x7E,0x81,0x7F,0x81,0x7E,0x81,0x7F,0x81,0x7F,
0x80,0x80,0x80,0x80,0x7D,0x81,0x7F,0x80,0x78,0x86,0x81,0x71,0x89,0x8C,0x6C,0x8D,
0x85,0x7C,0x6F,0x81,0x7C,0x8F,0x79,0x78,0x8C,0x75,0x9E,0x5A,0x88,0x57,0x73,0xC1,
0x7A,0x92,0x83,0x5B,0x8E,0x67,0x7B,0x94,0x6E,0x87,0x75,0x82,0xAF,0x82,0x82,0xA9,
0x44,0x88,0x89,0x63,0x99,0x6D,0x6B,0x77,0x90,0x8F,0x77,0x87,0x68,0x94,0x79,0x6E,
0x89,0x86,0x95,0x78,0x76,0x71,0x99,0x46,0xAD,0xBB,0x73,0x82,0x69,0x73,0x6D,0xA0,
0x79,0x76,0xAB,0xB0,0x4E,0x72,0x8A,0x53,0x84,0x88,0x76,0x87,0x8A,0x67,0x78,0x89,
0x82,0x94,0x7C,0xA1,0x72,0x71,0x82,0x3E,0xB7,0x77,0x6A,0xBD,0x68,0x4D,0xB4,0xB1,
0x52,0x7C,0x8C,0x49,0x87,0x82,0xA4,0x8C,0x6B,0x8C,0x65,0x8F,0x6C,0x96,0x5F,0x77,
0x9C,0x79,0x62,0xAE,0x8D,0x8E,0x9E,0x6B,0x64,0x69,0x81,0x6D,0x77,0x79,0xA2,0x33,
0xB4,0x90,0x78,0x85,0x80,0x6B,0x7D,0xC2,0x4C,0x85,0xCD,0x75,0x4C,0x76,0x2D,0x78,
0x90,0xC4,0xAB,0xA5,0x6C,0x85,0x8E,0x51,0x86,0x50,0xA8,0x6F,0x54,0xBA,0x7D,0x74,
0x6E,0x67,0x8F,0x6B,0xB1,0x80,0x4F,0x76,0xBC,0x93,0x8D,0xAA,0x52,0x47,0x68,0x84,
0x46,0x8C,0x90,0x7D,0x9D,0x93,0x85,0x52,0x6B,0xBF,0xA7,0x70,0x77,0x6E,0x8D,0x88,
0x8F,0x84,0x4E,0x74,0x67,0x8E,0xB2,0x78,0x70,0x7C,0x7E,0x63,0x78,0x8B,0x7F,0x9A,
0xA4,0x88,0x77,0x78,0x65,0x50,0x79,0xA0,0x99,0x7D,0xA3,0x99,0x6C,0x67,0x73,0x7A,
0x74,0x7C,0x6F,0x75,0x84,0x95,0x9B,0x85,0x69,0x7F,0x84,0x83,0x72,0x84,0x78,0x7C,
0x83,0x80,0x8F,0x6A,0x7F,0x76,0x7D,0x8F,0x82,0x7A,0x8C,0x78,0x79,0x79,0x72,0x76,
0x86,0x82,0x84,0x80,0x75,0x94,0x80,0x8B,0x7B,0x85,0x7B,0x85,0x8D,0x77,0x7E,0x86,
0x80,0x71,0x8E,0x7E,0x77,0x83,0x7B,0x75,0x77,0x80,0x91,0x75,0x86,0x8C,0x7A,0x7F,
0x7B,0x7D,0x77,0x7A,0x78,0x83,0x81,0x7D,0x72,0x89,0x80,0x84,0x90,0x86,0x89,0x76,
0x8E,0x84,0x80,0x88,0x72,0x75,0x87,0x6E,0x79,0x88,0x75,0x85,0x8A,0x82,0x84,0x7D,
0x86,0x8B,0x76,0x78,0x7E,0x72,0x74,0x81,0x77,0x85,0x82,0x87,0x90,0x7D,0x82,0x7F,
0x7E,0x86,0x80,0x85,0x88,0x7E,0x75,0x7F,0x84,0x7C,0x76,0x70,0x86,0x84,0x7F,0x8D,
0x88,0x7C,0x85,0x81,0x72,0x80,0x7F,0x78,0x7F,0x7C,0x77,0x85,0x7F,0x7D,0x8E,0x89,
0x73,0x87,0x84,0x72,0x83,0x78,0x83,0x7B,0x7A,0x7D,0x79,0x86,0x79,0x8C,0x83,0x85,
0x83,0x80,0x86,0x7B,0x88,0x7E,0x7B,0x7D,0x79,0x75,0x83,0x7E,0x8A,0x85,0x77,0x8B,
0x84,0x7F,0x87,0x7A,0x7B,0x81,0x7B,0x7E,0x7A,0x89,0x7A,0x7B,0x85,0x87,0x81,0x77,
0x77,0x84,0x7A,0x7E,0x8B,0x80,0x83,0x7B,0x84,0x6E,0x80,0x7E,0x6F,0x92,0x8A,0x78,
0x87,0x85,0x7F,0x7D,0x7E,0x7E,0x7A,0x85,0x7C,0x81,0x86,0x80,0x7C,0x86,0x72,0x74,
0x85,0x83,0x84,0x82,0x86,0x7C,0x7C,0x83,0x7A,0x7D,0x82,0x71,0x84,0x89,0x83,0x82,
0x85,0x86,0x89,0x80,0x82,0x81,0x70,0x7F,0x77,0x7C,0x7A,0x7B,0x82,0x81,0x78,0x8D,
0x7E,0x74,0x87,0x82,0x7D,0x74,0x90,0x8C,0x7E,0x82,0x83,0x72,0x7D,0x8B,0x7F,0x76,
0x7E,0x7F,0x79,0x80,0x7B,0x86,0x7C,0x80,0x7F,0x75,0x84,0x84,0x7F,0x8A,0x83,0x85,
0x82,0x73,0x7E,0x7B,0x7E,0x7E,0x8F,0x7A,0x8A,0x91,0x6E,0x7E,0x78,0x77,0x6F,0x86,
0x81,0x7D,0x83,0x74,0x8E,0x86,0x7B,0x8B,0x82,0x7F,0x7A,0x7E,0x7D,0x79,0x81,0x7E,
0x7F,0x77,0x87,0x83,0x84,0x7E,0x7E,0x88,0x7C,0x7F,0x85,0x80,0x70,0x84,0x83,0x7E,
0x80,0x72,0x7A,0x7D,0x89,0x81,0x7E,0x88,0x7E,0x84,0x88,0x83,0x82,0x7B,0x80,0x81,
0x75,0x7C,0x7A,0x76,0x7B,0x81,0x7F,0x86,0x84,0x7E,0x86,0x7C,0x81,0x80,0x7C,0x84,
0x81,0x77,0x82,0x89,0x75,0x80,0x85,0x7B,0x7E,0x7B,0x7F,0x80,0x7C,0x85,0x85,0x83,
0x84,0x79,0x7B,0x82,0x81,0x7D,0x82,0x7D,0x80,0x8B,0x7D,0x80,0x7E,0x7B,0x76,0x7F,
0x88,0x78,0x85,0x81,0x74,0x80,0x80,0x85,0x86,0x7F,0x81,0x89,0x83,0x7B,0x85,0x81,
0x7E,0x7A,0x81,0x75,0x73,0x85,0x81,0x7E,0x7F,0x81,0x7C,0x87,0x81,0x7E,0x81,0x87,
0x82,0x7A,0x7D,0x7F,0x82,0x78,0x7B,0x84,0x84,0x79,0x82,0x84,0x80,0x84,0x83,0x82,
0x7B,0x7C,0x7F,0x79,0x7D,0x7D,0x7C,0x89,0x7F,0x81,0x82,0x82,0x85,0x80,0x7E,0x81,
0x7C,0x7B,0x84,0x7D,0x7F,0x7C,0x80,0x7C,0x7F,0x7F,0x7D,0x83,0x83,0x83,0x80,0x85,
0x7A,0x7D,0x86,0x7F,0x7A,0x7D,0x76,0x78,0x80,0x81,0x83,0x79,0x86,0x89,0x84,0x85,
0x85,0x81,0x77,0x81,0x7E,0x79,0x7B,0x7B,0x84,0x7C,0x81,0x7F,0x7E,0x8E,0x7C,0x7E,
0x82,0x7C,0x80,0x7B,0x7E,0x80,0x7C,0x81,0x84,0x7E,0x7B,0x83,0x81,0x84,0x88,0x7E,
0x7A,0x7E,0x85,0x7D,0x7A,0x7F,0x82,0x7C,0x80,0x83,0x7F,0x84,0x7D,0x7E,0x7F,0x81,
0x7D,0x7D,0x86,0x81,0x7F,0x81,0x7D,0x81,0x80,0x7D,0x7F,0x7D,0x7D,0x81,0x7D,0x7E,
0x85,0x84,0x86,0x7E,0x80,0x7E,0x7D,0x7E,0x80,0x7F,0x79,0x81,0x80,0x82,0x80,0x80,
0x7E,0x85,0x81,0x77,0x81,0x7F,0x7B,0x7F,0x84,0x84,0x7C,0x7E,0x87,0x7B,0x7F,0x85,
0x7E,0x80,0x80,0x80,0x7F,0x82,0x7D,0x7E,0x81,0x7E,0x7E,0x86,0x83,0x7C,0x83,0x7E,
0x7D,0x7E,0x81,0x80,0x7C,0x85,0x7F,0x7D,0x82,0x7D,0x80,0x7D,0x7B,0x7E,0x7F,0x78,
0x80,0x85,0x7D,0x84,0x7F,0x81,0x80,0x82,0x83,0x7E,0x7F,0x7F,0x82,0x7C,0x7E,0x7D,
0x7A,0x7D,0x83,0x80,0x80,0x87,0x7E,0x84,0x83,0x7E,0x81,0x7F,0x7D,0x7D,0x7B,0x7B,
0x80,0x81,0x80,0x7F,0x80,0x85,0x84,0x7E,0x83,0x81,0x7C,0x7F,0x80,0x7C,0x7B,0x80,
0x7F,0x80,0x7E,0x7C,0x81,0x7F,0x80,0x82,0x80,0x7F,0x7C,0x7E,0x81,0x83,0x80,0x83,
0x7F,0x7E,0x80,0x7F,0x80,0x7E,0x7E,0x80,0x81,0x7F,0x7F,0x81,0x83,0x80,0x7C,0x7C,
0x7F,0x7C,0x7F,0x83,0x80,0x7E,0x81,0x7E,0x7E,0x83,0x7D,0x7F,0x7F,0x7D,0x7F,0x80,
0x80,0x7F,0x83,0x82,0x7E,0x81,0x83,0x80,0x7F,0x7E,0x7C,0x80,0x7E,0x80,0x81,0x7E,
0x7E,0x7F,0x82,0x7F,0x80,0x80,0x7E,0x82,0x80,0x7F,0x81,0x7F,0x7C,0x7D,0x7F,0x7F,
0x83,0x7E,0x7E,0x80,0x81,0x80,0x7F,0x81,0x80,0x81,0x82,0x81,0x7E,0x81,0x80,0x80,
0x80,0x7C,0x7C,0x7C,0x81,0x80,0x7D,0x81,0x80,0x7F,0x83,0x7B,0x7F,0x81,0x7F,0x83,
0x7D,0x81,0x7F,0x7E,0x80,0x80,0x7F,0x7E,0x7F,0x7F,0x7F,0x80,0x82,0x7D,0x7D,0x7F,
0x7D,0x80,0x81,0x81,0x82,0x81,0x80,0x80,0x81,0x7F,0x80,0x7D,0x7D,0x80,0x7F,0x7E,
0x7F,0x81,0x80,0x81,0x80,0x7E,0x80,0x80,0x7F,0x81,0x81,0x81,0x7F,0x7F,0x81,0x80,
0x80,0x7F,0x7F,0x7F,0x7D,0x7F,0x80,0x7F,0x80,0x81,0x81,0x7F,0x7E,0x7F,0x7F,0x7F,
0x82,0x80,0x81,0x7E,0x7E,0x82,0x7D,0x80,0x81,0x7C,0x7F,0x80,0x7E,0x7E,0x7E,0x81,
0x81,0x81,0x81,0x82,0x7E,0x7F,0x82,0x7E,0x80,0x82,0x7E,0x7D,0x80,0x80,0x7E,0x7F,
0x80,0x81,0x81,0x80,0x81,0x7E,0x7E,0x81,0x7E,0x7E,0x7F,0x80,0x7F,0x81,0x83,0x81,
0x80,0x81,0x82,0x80,0x7E,0x7F,0x7F,0x7E,0x80,0x7E,0x7E,0x7F,0x7E,0x7F,0x80,0x7E,
0x7E,0x7F,0x80,0x82,0x80,0x80,0x81,0x81,0x7D,0x7D,0x81,0x7D,0x7D,0x7F,0x7E,0x80,
0x7F,0x81,0x82,0x7F,0x81,0x81,0x82,0x81,0x80,0x81,0x80,0x80,0x7F,0x7F,0x80,0x7C,
0x7F,0x80,0x7D,0x81,0x7F,0x7F,0x7E,0x7D,0x80,0x82,0x83,0x81,0x7F,0x7F,0x7E,0x7F,
0x82,0x7F,0x7F,0x80,0x80,0x80,0x7D,0x7F,0x82,0x80,0x80,0x7E,0x7D,0x80,0x81,0x80,
0x7F,0x82,0x81,0x7D,0x7F,0x81,0x7E,0x7E,0x7F,0x7F,0x81,0x80,0x80,0x80,0x81,0x81,
0x80,0x7F,0x7F,0x7D,0x81,0x81,0x7F,0x81,0x7E,0x7F,0x81,0x81,0x7F,0x7F,0x81,0x80,
0x7E,0x7F,0x7E,0x80,0x80,0x7F,0x80,0x7F,0x80,0x7E,0x80,0x81,0x80,0x7D,0x80,0x82,
0x7F,0x7F,0x7F,0x80,0x80,0x80,0x7D,0x7D,0x7E,0x80,0x81,0x7F,0x80,0x81,0x80,0x81,
0x7F,0x80,0x80,0x7E,0x7E,0x7F,0x7F,0x7D,0x80,0x80,0x7E,0x7F,0x80,0x81,0x82,0x80,
0x80,0x81,0x80,0x7D,0x7F,0x7F,0x7F,0x7F,0x7F,0x80,0x7F,0x81,0x80,0x81,0x82,0x80,
0x7E,0x7F,0x81,0x7E,0x7D,0x80,0x80,0x7E,0x80,0x7E,0x7D,0x7E,0x7D,0x7E,0x80,0x80,
0x81,0x81,0x80,0x7F,0x80,0x80,0x7E,0x7F,0x7F,0x7F,0x7E,0x7F,0x80,0x80,0x80,0x82,
0x80,0x82,0x80,0x7E,0x81,0x80,0x7E,0x7D,0x80,0x80,0x7E,0x80,0x81,0x7F,0x7F,0x7F,
0x80,0x80,0x7F,0x80,0x80,0x7F,0x80,0x80,0x81,0x7F,0x7E,0x80,0x80,0x80,0x80,0x7E,
0x7F,0x7E,0x7D,0x7E,0x7E,0x7F,0x7F,0x80,0x82,0x80,0x81,0x81,0x81,0x80,0x7F,0x7E,
0x7E,0x80,0x7F,0x7C,0x7D,0x7F,0x7F,0x7D,0x7F,0x7F,0x80,0x81,0x80,0x80,0x80,0x82,
0x80,0x7E,0x81,0x80,0x7E,0x81,0x80,0x81,0x80,0x7D,0x7E,0x81,0x81,0x7F,0x80,0x80,
0x80,0x80,0x80,0x7F,0x7F,0x81,0x81,0x7F,0x80,0x81,0x7E,0x7E,0x80,0x7E,0x7F,0x80,
0x7F,0x80,0x7F,0x7F,0x7F,0x7F,0x7E,0x7F,0x7F,0x80,0x82,0x81,0x80,0x80,0x7F,0x80,
0x7F,0x7F,0x7F,0x7F,0x7F,0x7E,0x80,0x80,0x7F,0x80,0x7F,0x80,0x80,0x80,0x81,0x80,
0x80,0x80,0x7F,0x7E,0x7E,0x7F,0x80,0x7F,0x7F,0x80,0x80,0x80,0x81,0x81,0x7F,0x7F,
0x80,0x80,0x80,0x7F,0x7F,0x80,0x80,0x82,0x81,0x7F,0x7F,0x7F,0x80,0x7F,0x7E,0x7E,
0x7F,0x7F,0x7F,0x80,0x7F,0x80,0x81,0x81,0x81,0x82,0x82,0x80,0x7F,0x7F,0x7E,0x7E,
0x7F,0x7F,0x7E,0x7C,0x7F,0x80,0x7F,0x81,0x81,0x81,0x81,0x81,0x80,0x7F,0x7F,0x7E,
0x7E,0x80,0x81,0x7F,0x80,0x80,0x80,0x80,0x7F,0x7F,0x7F,0x80,0x81,0x81,0x80,0x80,
0x7F,0x7F,0x80,0x80,0x7D,0x7D,0x81,0x7F,0x7D,0x81,0x82,0x7F,0x80,0x80,0x7F,0x81,
0x80,0x7F,0x7E,0x81,0x7F,0x7C,0x81,0x82,0x7E,0x80,0x82,0x80,0x80,0x7F,0x7F,0x7E,
0x80,0x80,0x7F,0x7F,0x80,0x7F,0x7E,0x7E,0x81,0x80,0x7F,0x7F,0x80,0x81,0x80,0x80,
0x81,0x7F,0x7C,0x81,0x80,0x7D,0x7F,0x80,0x80,0x80,0x7F,0x7F,0x81,0x80,0x80,0x81,
0x7F,0x7E,0x80,0x7F,0x80,0x7F,0x7F,0x7F,0x7F,0x80,0x7F,0x7F,0x7F,0x80,0x80,0x7F,
0x7F,0x7F,0x7F,0x7E,0x7F,0x80,0x80,0x81,0x80,0x7F,0x7F,0x80,0x80,0x7F,0x80,0x7F,
0x7F,0x80,0x7F,0x7F,0x80,0x80,0x7F,0x7F,0x80,0x80,0x7F,0x80,0x80,0x7E,0x80,0x80,
0x7F,0x7E,0x7E,0x7F,0x7F,0x80,0x80,0x80,0x7F,0x80,0x7F,0x80,0x80,0x7E,0x7E,0x7F,
0x7F,0x80,0x80,0x81,0x80,0x7F,0x80,0x7F,0x7F,0x7F,0x7F,0x80,0x7F,0x80,0x80,0x80,
0x80,0x80,0x80,0x7F,0x80,0x80,0x7E,0x7F,0x7E,0x7E,0x80,0x7F,0x7F,0x80,0x80,0x7F,
0x80,0x80,0x80,0x80,0x80,0x7F,0x7F,0x7F,0x7E,0x80,0x80,0x7E,0x80,0x82,0x7F,0x80,
0x80,0x7F,0x80,0x80,0x7F,0x80,0x83,0x7F,0x7B,0x80,0x80,0x7C,0x80,0x81,0x7F,0x81,
0x81,0x81,0x80,0x80,0x82,0x80,0x7D,0x7B,0x7F,0x80,0x7D,0x7D,0x80,0x7E,0x7E,0x80,
0x80,0x81,0x80,0x80,0x81,0x7F,0x7F,0x7F,0x7E,0x7F,0x7F,0x7F,0x7F,0x80,0x81,0x7E,
0x7F,0x81,0x80,0x80,0x81,0x80,0x80,0x81,0x7F,0x7F,0x81,0x7F,0x7E,0x7F,0x7F,0x80,
0x81,0x80,0x7D,0x7F,0x7F,0x7F,0x7F,0x80,0x81,0x81,0x80,0x7F,0x80,0x7F,0x7D,0x7F,
0x81,0x7F,0x7F,0x80,0x80,0x80,0x80,0x80,0x80,0x7F,0x7F,0x80,0x80,0x80,0x7F,0x80,
0x80,0x81,0x80,0x7F,0x81,0x81,0x7F,0x80,0x80,0x80,0x7F,0x80,0x80,0x7E,0x7E,0x7F,
0x7F,0x7F,0x7F,0x80,0x81,0x81,0x80,0x80,0x80,0x80,0x7F,0x7E,0x7F,0x7F,0x7E,0x7E,
0x80,0x80,0x7F,0x7F,0x80,0x80,0x80,0x81,0x81,0x80,0x80,0x80,0x7E,0x7D,0x7E,0x7D,
0x7D,0x7F,0x80,0x81,0x81,0x81,0x81,0x80,0x80,0x80,0x7F,0x7F,0x7E,0x7E,0x7D,0x7E,
0x7E,0x7F,0x80,0x81,0x82,0x80,0x80,0x80,0x82,0x7F,0x7F,0x80,0x7F,0x7D,0x80,0x80,
0x7F,0x7F,0x7F,0x80,0x7F,0x7F,0x7F,0x80,0x7F,0x80,0x80,0x7F,0x81,0x80,0x80,0x80,
0x81,0x7F,0x7E,0x80,0x80,0x7E,0x7F,0x80,0x80,0x7E,0x7F,0x80,0x7F,0x7E,0x7F,0x81,
0x81,0x7F,0x80,0x81,0x80,0x7F,0x80,0x80,0x80,0x80,0x7F,0x7F,0x7F,0x80,0x80,0x80,
0x80,0x80,0x7F,0x7E,0x7F,0x7F,0x80,0x80,0x80,0x80,0x7F,0x7F,0x7F,0x7F,0x80,0x81,
0x7F,0x7F,0x7F,0x7E,0x7F,0x80,0x80,0x7F,0x7F,0x80,0x80,0x80,0x81,0x80,0x7F,0x80,
0x80,0x80,0x80,0x81,0x7F,0x7F,0x7F,0x7E,0x7F,0x80,0x7F,0x7E,0x80,0x80,0x7F,0x80,
0x81,0x80,0x80,0x81,0x80,0x7D,0x7F,0x80,0x7F,0x7F,0x7F,0x7F,0x7F,0x7F,0x7F,0x7F,
0x7F,0x80,0x7F,0x7F,0x81,0x80,0x7F,0x81,0x80,0x7F,0x80,0x81,0x80,0x7F,0x7F,0x7F,
0x7F,0x7F,0x7F,0x7F,0x81,0x7F,0x7F,0x80,0x7F,0x7F,0x80,0x7F,0x7F,0x7F,0x7F,0x80,
0x80,0x7F,0x7F,0x80,0x7F,0x7F,0x80,0x7F,0x7F,0x7E,0x7E,0x80,0x80,0x80,0x80,0x80,
0x80,0x80,0x80,0x80,0x80,0x80,0x7F,0x7F,0x7F,0x7F,0x7D,0x7E,0x7F,0x7F,0x81,0x81,
0x7F,0x80,0x81,0x80,0x7F,0x81,0x80,0x7F,0x7F,0x7E,0x7D,0x7E,0x7F,0x7E,0x80,0x81,
0x80,0x80,0x81,0x80,0x80,0x81,0x80,0x80,0x81,0x80,0x7E,0x7E,0x7D,0x7F,0x7F,0x7E,
0x80,0x7F,0x7F,0x80,0x81,0x80,0x80,0x81,0x81,0x80,0x80,0x7E,0x7D,0x7E,0x7E,0x7E,
0x81,0x81,0x80,0x81,0x82,0x81,0x80,0x80,0x7F,0x7F,0x7F,0x7F,0x7F,0x7F,0x7F,0x7F,
0x7F,0x80,0x7F,0x7F,0x80,0x80,0x80,0x7F,0x80,0x7F,0x7F,0x7F,0x7F,0x7F,0x80,0x81,
0x7F,0x7F,0x7F,0x80,0x80,0x7F,0x7F,0x80,0x80,0x7F,0x7E,0x7F,0x80,0x7F,0x80,0x81,
0x7F,0x80,0x80,0x80,0x80,0x80,0x80,0x7E,0x7D,0x7E,0x80,0x80,0x7F,0x80,0x81,0x7F,
0x80,0x81,0x7F,0x80,0x7F,0x7F,0x7F,0x80,0x7F,0x7F,0x80,0x7F,0x7F,0x7F,0x80,0x80,
0x7F,0x7F,0x7F,0x7F,0x80,0x7F,0x7F,0x80,0x80,0x7F,0x80,0x81,0x80,0x80,0x80,0x80,
0x7F,0x7F,0x7F,0x7E,0x7F,0x80,0x80,0x7F,0x80,0x80,0x7E,0x7F,0x80,0x80,0x80,0x80,
0x80,0x7F,0x7F,0x80,0x80,0x7F,0x80,0x80,0x7F,0x80,0x7F,0x7F,0x7F,0x7F,0x7F,0x80,
0x80,0x7F,0x7F,0x80,0x80,0x80,0x80,0x80,0x80,0x7F,0x7F,0x7F,0x7F,0x7E,0x7F,0x81,
0x82,0x81,0x80,0x80,0x7F,0x7E,0x7F,0x81,0x81,0x80,0x81,0x80,0x7F,0x7E,0x7F,0x80,
0x7E,0x7F,0x80,0x7E,0x7D,0x80,0x80,0x7F,0x80,0x81,0x80,0x81,0x81,0x80,0x7E,0x80,
0x80,0x7E,0x80,0x80,0x7E,0x7E,0x80,0x7F,0x7F,0x80,0x81,0x80,0x81,0x80,0x7F,0x80,
0x80,0x7C,0x7E,0x7F,0x7E,0x7F,0x80,0x80,0x7E,0x81,0x82,0x80,0x80,0x81,0x80,0x7F,
0x7F,0x7F,0x7F,0x7F,0x80,0x7F,0x7F,0x81,0x80,0x7E,0x80,0x81,0x80,0x7F,0x81,0x81,
0x7F,0x7F,0x81,0x80,0x7E,0x7F,0x7F,0x7E,0x7F,0x7F,0x80,0x7F,0x7F,0x7F,0x7F,0x80,
0x7F,0x7F,0x80,0x80,0x7F,0x80,0x80,0x7F,0x7F,0x80,0x7F,0x80,0x80,0x80,0x80,0x80,
0x80,0x7F,0x7F,0x80,0x80,0x7F,0x80,0x7F,0x7D,0x7F,0x7F,0x7E,0x7F,0x81,0x80,0x7F,
0x80,0x80,0x7E,0x7F,0x80,0x7F,0x7F,0x7F,0x80,0x7F,0x80,0x80,0x7F,0x80,0x80,0x80,
0x81,0x80,0x80,0x80,0x80,0x7F,0x7F,0x7F,0x7F,0x80,0x80,0x81,0x80,0x7F,0x7F,0x7F,
0x7F,0x7F,0x80,0x7F,0x7E,0x80,0x80,0x7F,0x7F,0x80,0x80,0x7F,0x80,0x80,0x7F,0x7F,
0x80,0x7F,0x80,0x81,0x7F,0x7E,0x80,0x80,0x7E,0x7F,0x80,0x7F,0x7F,0x7F,0x7F,0x80,
0x80,0x80,0x81,0x81,0x81,0x80,0x7F,0x7F,0x7F,0x7E,0x7F,0x7F,0x7F,0x80,0x7F,0x80,
0x80,0x80,0x7F,0x7F,0x80,0x7F,0x7E,0x80,0x80,0x7F,0x7E,0x80,0x80,0x7E,0x81,0x80,
0x7F,0x80,0x80,0x7D,0x7D,0x7F,0x80,0x81,0x80,0x7F,0x7E,0x7F,0x80,0x81,0x80,0x80,
0x80,0x7F,0x7F,0x7F,0x7F,0x80,0x7F,0x7F,0x7F,0x7F,0x7F,0x7F,0x80,0x81,0x80,0x80,
0x7F,0x7F,0x80,0x80,0x80,0x80,0x80,0x80,0x7F,0x7F,0x81,0x80,0x7F,0x81,0x7F,0x7D,
0x7F,0x80,0x80,0x80,0x80,0x7F,0x80,0x80,0x80,0x7F,0x80,0x80,0x7F,0x80,0x7F,0x80,
0x7F,0x7F,0x80,0x80,0x80,0x80,0x80,0x7F,0x7E,0x80,0x80,0x7F,0x7F,0x80,0x80,0x80,
0x80,0x80,0x80,0x7F,0x7F,0x7F,0x7F,0x7E,0x7F,0x7F,0x80,0x81,0x80,0x80,0x7F,0x7F,
0x7F,0x7F,0x80,0x80,0x80,0x80,0x80,0x80,0x7F,0x7F,0x7F,0x7F,0x7F,0x7F,0x7E,0x7F,
0x7F,0x80,0x80,0x80,0x81,0x81,0x80,0x80,0x80,0x80,0x80,0x7F,0x80,0x80,0x80,0x80,
0x7F,0x7F,0x7F,0x7F,0x80,0x80,0x7F,0x7F,0x7F,0x7F,0x80,0x80,0x7F,0x7F,0x80,0x80,
0x7F,0x80,0x80,0x7F,0x7F,0x80,0x80,0x80,0x80,0x80,0x80,0x80,0x7F,0x7F,0x7F,0x7F,
0x7E,0x7F,0x7F,0x7F,0x7F,0x7F,0x80,0x80,0x80,0x80,0x80,0x80,0x7F,0x7F,0x7F,0x80,
0x80,0x80,0x7F,0x80,0x7F,0x7F,0x7F,0x7F,0x7F,0x7F,0x80,0x80,0x80,0x80,0x80,0x80,
0x80,0x81,0x80,0x7F,0x7F,0x7F,0x7F,0x7F,0x7F,0x7F,0x7F,0x7F,0x7F,0x7F,0x80,0x7F,
0x7F,0x7F,0x80,0x80,0x80,0x80,0x80,0x80,0x7F,0x80,0x80,0x80,0x80,0x80,0x80,0x80,
0x7F,0x7F,0x7F,0x7F,0x7F,0x7F,0x7F,0x7F,0x7F,0x80,0x7F,0x80,0x80,0x7F,0x80,0x80,
0x7F,0x7F,0x7F,0x7F,0x7F,0x7F,0x80,0x80,0x7F,0x7F,0x7F,0x7F,0x80,0x80,0x7F,0x7F,
0x80,0x80,0x80,0x80,0x80,0x7F,0x7F,0x7F,0x7F,0x7F,0x7F,0x7F,0x7F,0x7F,0x80,0x80,
0x80,0x81,0x81,0x80,0x7F,0x7F,0x7F,0x7F,0x7F,0x7F,0x80,0x7F,0x7E,0x7F,0x7F,0x7F,
0x7F,0x80,0x80,0x80,0x80,0x81,0x80,0x80,0x7E,0x80,0x80,0x7E,0x7F,0x83,0x7F,0x7E,
0x82,0x7D,0x7F,0x7F,0x7E,0x7E,0x80,0x80,0x7E,0x7F,0x7F,0x80,0x7E,0x81,0x80,0x7F,
0x7E,0x80,0x80,0x7F,0x81,0x80,0x80,0x80,0x7E,0x7F,0x80,0x7F,0x7F,0x7E,0x7D,0x82,
0x7E,0x80,0x80,0x80,0x83,0x80,0x80,0x7F,0x82,0x7D,0x7E,0x80,0x7C,0x7D,0x81,0x80,
0x80,0x80,0x7F,0x80,0x81,0x81,0x80,0x80,0x82,0x7F,0x7F,0x81,0x82,0x80,0x7F,0x80,
0x7F,0x7E,0x7E,0x7E,0x7E,0x81,0x81,0x7F,0x7E,0x80,0x7F,0x7E,0x7F,0x7E,0x7F,0x81,
0x7E,0x7F,0x81,0x80,0x81,0x81,0x81,0x80,0x80,0x7F,0x80,0x7E,0x7E,0x80,0x7E,0x7E,
0x7F,0x7F,0x80,0x81,0x82,0x80,0x7F,0x82,0x80,0x7F,0x7F,0x7E,0x7F,0x80,0x7F,0x80,
0x7E,0x7F,0x7F,0x7F,0x7E,0x7F,0x80,0x7F,0x80,0x7F,0x80,0x81,0x82,0x82,0x81,0x80,
0x7F,0x7F,0x80,0x7E,0x7E,0x7E,0x7F,0x7F,0x7E,0x80,0x80,0x80,0x81,0x81,0x80,0x81,
0x7F,0x7E,0x7E,0x7E,0x7F,0x7F,0x7F,0x80,0x80,0x80,0x7F,0x7F,0x81,0x7F,0x80,0x80,
0x80,0x80,0x80,0x81,0x80,0x7F,0x80,0x80,0x7F,0x80,0x7F,0x7F,0x80,0x80,0x7F,0x7F,
0x7F,0x7F,0x7F,0x7F,0x7F,0x7E,0x7F,0x82,0x80,0x80,0x80,0x7F,0x80,0x80,0x81,0x7E,
0x7D,0x7E,0x7E,0x7E,0x80,0x7F,0x7E,0x7E,0x80,0x7F,0x81,0x83,0x80,0x80,0x80,0x80,
0x7E,0x7D,0x7F,0x7F,0x7E,0x80,0x7F,0x80,0x80,0x81,0x83,0x81,0x80,0x80,0x80,0x7D,
0x7E,0x7E,0x81,0x80,0x7D,0x80,0x80,0x80,0x81,0x7F,0x81,0x80,0x7F,0x7F,0x80,0x81,
0x7F,0x7E,0x7E,0x7E,0x7E,0x80,0x7F,0x81,0x80,0x81,0x82,0x7F,0x80,0x81,0x7F,0x7F,
0x81,0x7F,0x7E,0x7F,0x7E,0x7F,0x7E,0x80,0x7F,0x80,0x81,0x7F,0x7E,0x7E,0x7F,0x7E,
0x80,0x7E,0x7F,0x7F,0x80,0x82,0x82,0x81,0x81,0x80,0x7F,0x7F,0x7E,0x7D,0x7D,0x7F,
0x7F,0x81,0x82,0x81,0x80,0x82,0x81,0x7E,0x7F,0x7E,0x7D,0x7E,0x81,0x80,0x80,0x81,
0x81,0x80,0x81,0x81,0x80,0x80,0x7F,0x7E,0x7F,0x7F,0x7E,0x7E,0x80,0x7F,0x80,0x81,
0x81,0x80,0x80,0x81,0x7F,0x7F,0x7D,0x7F,0x7F,0x7E,0x7F,0x7F,0x7F,0x7F,0x80,0x7F,
0x80,0x7F,0x80,0x80,0x81,0x80,0x80,0x80,0x7F,0x80,0x80,0x80,0x80,0x7F,0x7E,0x7D,
0x7D,0x7E,0x80,0x7F,0x80,0x80,0x81,0x82,0x80,0x7F,0x7F,0x7F,0x7F,0x7F,0x7F,0x7E,
0x7E,0x7E,0x7F,0x81,0x81,0x80,0x80,0x7F,0x80,0x7F,0x7F,0x7F,0x7F,0x80,0x80,0x81,
0x82,0x81,0x81,0x80,0x7F,0x7F,0x7F,0x7E,0x7D,0x7D,0x7C,0x7D,0x7F,0x7F,0x80,0x81,
0x81,0x81,0x82,0x82,0x81,0x80,0x7F,0x7E,0x7E,0x7E,0x7F,0x7F,0x7F,0x80,0x80,0x80,
0x80,0x80,0x7F,0x7F,0x7F,0x7F,0x80,0x80,0x7F,0x7F,0x7F,0x80,0x80,0x7F,0x80,0x80,
0x80,0x80,0x80,0x7F,0x7F,0x80,0x7F,0x7F,0x7F,0x80,0x80,0x7F,0x7F,0x7F,0x7F,0x7F,
0x7F,0x7F,0x7F,0x7F,0x80,0x7F,0x81,0x81,0x81,0x81,0x80,0x7F,0x7F,0x7E,0x7E,0x7F,
0x7F,0x80,0x81,0x81,0x81,0x82,0x81,0x80,0x80,0x7F,0x7D,0x7D,0x7E,0x7E,0x7D,0x7F,
0x80,0x80,0x80,0x81,0x82,0x81,0x81,0x80,0x7F,0x7E,0x7F,0x7F,0x7F,0x7F,0x80,0x80,
0x80,0x80,0x80,0x80,0x80,0x7F,0x7F,0x7F,0x7F,0x7F,0x7F,0x7F,0x80,0x80,0x80,0x80,
0x80,0x80,0x80,0x7F,0x7F,0x7F,0x7F,0x7F,0x80,0x7F,0x80,0x80,0x80,0x80,0x80,0x80,
0x80,0x7F,0x80,0x7F,0x7F,0x7F,0x7F,0x80,0x80,0x80,0x7F,0x7F,0x7F,0x80,0x81,0x80,
0x80,0x80,0x80,0x7F,0x7F,0x7F,0x7F,0x7F,0x80,0x7F,0x7F,0x7F,0x80,0x80,0x7F,0x7F,
0x7F,0x7F,0x80,0x7F,0x7F,0x80,0x81,0x81,0x81,0x80,0x80,0x7F,0x7F,0x7F,0x7E,0x7E,
0x7F,0x80,0x7F,0x80,0x81,0x81,0x81,0x81,0x81,0x80,0x80,0x7F,0x7E,0x7E,0x7F,0x80,
0x7F,0x7F,0x7F,0x7F,0x7F,0x80,0x81,0x81,0x80,0x80,0x80,0x7F,0x7F,0x7F,0x7F,0x7F,
0x7F,0x80,0x7F,0x80,0x7F,0x7F,0x80,0x7F,0x7F,0x7F,0x80,0x7F,0x7F,0x7F,0x7F,0x7F,
0x80,0x80,0x80,0x80,0x80,0x7F,0x7F,0x7F,0x7F,0x80,0x80,0x80,0x80,0x80,0x7F,0x7F,
0x7E,0x7D,0x7E,0x7F,0x80,0x81,0x80,0x80,0x81,0x81,0x81,0x81,0x80,0x7F,0x7E,0x7F,
0x7F,0x7E,0x7E,0x7F,0x7F,0x7F,0x7F,0x7F,0x7F,0x80,0x80,0x80,0x80,0x80,0x80,0x80,
0x7F,0x7F,0x80,0x80,0x7F,0x80,0x80,0x7F,0x80,0x80,0x7F,0x80,0x7F,0x7F,0x7F,0x7F,
0x80,0x7F,0x80,0x80,0x7F,0x7F,0x80,0x80,0x7F,0x80,0x7F,0x7E,0x7F,0x7F,0x7F,0x7F,
0x7F,0x80,0x7F,0x7F,0x7E,0x7F,0x7F,0x80,0x81,0x81,0x81,0x81,0x80,0x80,0x80,0x7F,
0x7F,0x7E,0x7E,0x7E,0x7F,0x80,0x80,0x80,0x80,0x80,0x80,0x80,0x80,0x7F,0x7F,0x7E,
0x7F,0x7F,0x80,0x7F,0x7F,0x7F,0x7F,0x7F,0x81,0x80,0x7F,0x80,0x80,0x7F,0x7F,0x80,
0x80,0x7F,0x80,0x80,0x80,0x80,0x7F,0x7F,0x7F,0x80,0x7F,0x7F,0x7F,0x7F,0x80,0x80,
0x80,0x7F,0x80,0x81,0x81,0x81,0x80,0x80,0x7F,0x7F,0x7F,0x7F,0x7F,0x7F,0x7F,0x7F,
0x80,0x80,0x7F,0x7F,0x7F,0x80,0x80,0x80,0x80,0x80,0x80,0x80,0x7F,0x7E,0x7E,0x7E,
0x7F,0x80,0x80,0x80,0x81,0x80,0x80,0x80,0x80,0x80,0x80,0x7F,0x7E,0x7F,0x7F,0x7E,
0x7F,0x7F,0x7F,0x7F,0x80,0x80,0x80,0x80,0x80,0x80,0x80,0x7F,0x7F,0x7F,0x7F,0x7F,
0x7F,0x7F,0x7F,0x80,0x80,0x80,0x80,0x80,0x80,0x80,0x7F,0x7F,0x7F,0x7F,0x7E,0x7F,
0x7F,0x7E,0x7F,0x7F,0x80,0x81,0x80,0x80,0x81,0x80,0x80,0x80,0x7F,0x7F,0x7E,0x7E,
0x7F,0x7F,0x80,0x80,0x80,0x80,0x80,0x80,0x80,0x80,0x80,0x80,0x80,0x7F,0x7F,0x7E,
0x7F,0x7F,0x7F,0x80,0x80,0x80,0x80,0x80,0x80,0x7F,0x7F,0x7E,0x7F,0x7F,0x7F,0x80,
0x81,0x81,0x81,0x81,0x80,0x80,0x7F,0x7F,0x7F,0x7F,0x7E,0x7F,0x7F,0x7E,0x7F,0x80,
0x80,0x80,0x80,0x81,0x80,0x7F,0x80,0x80,0x7F,0x80,0x80,0x80,0x7F,0x7F,0x7F,0x7F,
0x7F,0x7F,0x80,0x7F,0x7F,0x7F,0x7F,0x80,0x80,0x80,0x80,0x80,0x7F,0x7F,0x7F,0x7E,
0x7F,0x7F,0x80,0x81,0x81,0x81,0x81,0x81,0x80,0x80,0x7F,0x7F,0x7F,0x7E,0x7F,0x7F,
0x80,0x7F,0x7F,0x7F,0x80,0x80,0x7F,0x80,0x80,0x80,0x80,0x80,0x80,0x7F,0x80,0x7F,
0x7F,0x7F,0x7F,0x7F,0x7F,0x80,0x80,0x7F,0x80,0x80,0x7F,0x7F,0x7F,0x7F,0x7F,0x80,
0x7F,0x80,0x80,0x7F,0x80,0x80,0x7F,0x7F,0x7F,0x7F,0x7E,0x7F,0x80,0x80,0x7F,0x80,
0x80,0x80,0x80,0x80,0x80,0x7F,0x7F,0x7F,0x7F,0x7F,0x80,0x80,0x80,0x80,0x80,0x80,
0x80,0x80,0x7F,0x7F,0x80,0x7F,0x7F,0x7F,0x7F,0x80,0x80,0x80,0x80,0x80,0x80,0x7F,
0x7F,0x7F,0x7F,0x80,0x7F,0x7F,0x80,0x80,0x7F,0x80,0x80,0x80,0x80,0x7F,0x7F,0x7F,
0x80,0x80,0x80,0x81,0x80,0x7E,0x7F,0x7F,0x7F,0x7F,0x7F,0x7F,0x7F,0x7F,0x80,0x80,
0x80,0x80,0x80,0x80,0x80,0x80,0x80,0x7F,0x7F,0x7F,0x7F,0x80,0x80,0x7F,0x7F,0x80,
0x7F,0x7F,0x7F,0x80,0x80,0x80,0x81,0x81,0x7F,0x80,0x80,0x7F,0x7F,0x7E,0x7E,0x7F,
0x7F,0x7F,0x80,0x80,0x80,0x80,0x81,0x80,0x81,0x80,0x7F,0x7F,0x80,0x80,0x7F,0x7F,
0x7F,0x7F,0x7F,0x7F,0x7F,0x7F,0x80,0x7F,0x80,0x7F,0x7F,0x80,0x80,0x7F,0x80,0x7F,
0x80,0x80,0x80,0x80,0x80,0x80,0x7F,0x7F,0x7F,0x7F,0x7E,0x7F,0x7F,0x80,0x80,0x7F,
0x80,0x80,0x80,0x80,0x80,0x80,0x80,0x80,0x80,0x80,0x80,0x7F,0x7E,0x7F,0x7F,0x7F,
0x80,0x80,0x7F,0x7F,0x80,0x80,0x7F,0x7F,0x80,0x80,0x80,0x80,0x80,0x7F,0x7F,0x7F,
0x7F,0x80,0x80,0x7F,0x7F,0x7F,0x7F,0x7F,0x80,0x80,0x80,0x80,0x80,0x80,0x80,0x7F,
0x7F,0x7F,0x7F,0x7F,0x7F,0x80,0x80,0x80,0x80,0x7F,0x7F,0x80,0x7F,0x7F,0x7F,0x7F,
0x7F,0x7F,0x7F,0x7F,0x80,0x80,0x80,0x80,0x80,0x80,0x80,0x80,0x80,0x80,0x7F,0x7F,
0x7F,0x7E,0x7F,0x7F,0x7F,0x80,0x80,0x7F,0x80,0x80,0x80,0x80,0x80,0x80,0x80,0x7F,
0x7F,0x7E,0x7E,0x7F,0x7F,0x80,0x80,0x80,0x80,0x80,0x7F,0x7F,0x80,0x80,0x80,0x80,
0x80,0x80,0x80,0x80,0x7F,0x80,0x80,0x7F,0x7F,0x7F,0x7F,0x7E,0x7F,0x7F,0x7F,0x7F,
0x80,0x80,0x81,0x80,0x80,0x7F,0x7F,0x80,0x80,0x80,0x80,0x7F,0x7F,0x7F,0x7F,0x7F,
0x7F,0x7F,0x7F,0x80,0x81,0x80,0x80,0x80,0x80,0x80,0x7F,0x80,0x80,0x7F,0x7F,0x80,
0x7F,0x7F,0x7F,0x80,0x7F,0x80,0x80,0x7F,0x80,0x80,0x7F,0x7F,0x80,0x7F,0x80,0x80,
0x7F,0x7F,0x7F,0x7F,0x7F,0x80,0x80,0x80,0x80,0x7F,0x80,0x80,0x80,0x80,0x80,0x80,
0x7F,0x7F,0x7E,0x7F,0x7F,0x7F,0x7F,0x80,0x80,0x80,0x80,0x80,0x80,0x7F,0x80,0x80,
0x80,0x80,0x80,0x80,0x80,0x7F,0x7F,0x7F,0x7F,0x7F,0x80,0x7F,0x7F,0x80,0x7F,0x80,
0x7F,0x80,0x7F,0x7F,0x7F,0x80,0x80,0x81,0x81,0x80,0x81,0x80,0x7F,0x7F,0x7F,0x7F,
0x7F,0x7F,0x7F,0x7F,0x80,0x7F,0x7F,0x80,0x7F,0x7F,0x80,0x80,0x7F,0x7F,0x80,0x7F,
0x7F,0x80,0x81,0x80,0x80,0x7F,0x7F,0x7F,0x7F,0x7F,0x7F,0x7F,0x7F,0x7F,0x7F,0x80,
0x80,0x80,0x80,0x80,0x80,0x7F,0x7F,0x80,0x80,0x80,0x80,0x80,0x7F,0x7F,0x7F,0x7F,
0x7F,0x7F,0x7F,0x7F,0x80,0x80,0x80,0x80,0x81,0x80,0x7F,0x7F,0x7F,0x7F,0x7F,0x7F,
0x7E,0x7F,0x7F,0x80,0x80,0x80,0x80,0x80,0x80,0x7F,0x7F,0x80,0x7F,0x7F,0x7F,0x80,
0x80,0x7F,0x80,0x80,0x80,0x80,0x7F,0x80,0x7F,0x7F,0x7F,0x80,0x80,0x80,0x80,0x7F,
0x7F,0x7F,0x7F,0x7F,0x7F,0x7F,0x7F,0x7F,0x80,0x80,0x80,0x80,0x80,0x80,0x80,0x80,
0x80,0x7F,0x7F,0x80,0x7F,0x7F,0x7F,0x7F,0x7F,0x7F,0x7F,0x80,0x80,0x80,0x80,0x80,
0x80,0x7F,0x80,0x80,0x7F,0x80,0x7F,0x7F,0x7F,0x80,0x80,0x7F,0x7F,0x7F,0x7F,0x7F,
0x7F,0x80,0x80,0x7F,0x80,0x80,0x80,0x80,0x80,0x80,0x7F,0x80,0x80,0x7F,0x7F,0x7F,
0x7F,0x7F,0x7F,0x7F,0x7F,0x80,0x7F,0x7F,0x80,0x80,0x80,0x80,0x80,0x80,0x80,0x80,
0x80,0x80,0x7F,0x7F,0x7E,0x7E,0x7E,0x7F,0x80,0x80,0x81,0x80,0x80,0x81,0x80,0x80,
0x7F,0x7F,0x7F,0x7F,0x7F,0x7F,0x7F,0x7F,0x7F,0x80,0x80,0x80,0x80,0x80,0x80,0x80,
0x7F,0x7F,0x80,0x80,0x7F,0x80,0x81,0x80,0x7F,0x80,0x80,0x80,0x80,0x80,0x7E,0x7F,
0x7F,0x7F,0x7F,0x80,0x7F,0x80,0x80,0x7F,0x80,0x80,0x80,0x80,0x80,0x80,0x80,0x80,
0x80,0x80,0x7F,0x7F,0x80,0x7F,0x7E,0x7F,0x80,0x7F,0x7F,0x80,0x80,0x7F,0x7F,0x80,
0x80,0x80,0x80,0x80,0x80,0x80,0x7F,0x7F,0x7F,0x7E,0x7F,0x7F,0x7F,0x80,0x80,0x7F,
0x80,0x80,0x80,0x80,0x81,0x80,0x80,0x80,0x80,0x80,0x80,0x80,0x7F,0x7F,0x7F,0x7E,
0x7F,0x7F,0x7F,0x7F,0x7F,0x80,0x80,0x80,0x80,0x80,0x80,0x80,0x80,0x80,0x7F,0x80,
0x7F,0x7F,0x7F,0x7E,0x7F,0x80,0x80,0x7F,0x80,0x80,0x7F,0x80,0x80,0x7F,0x7F,0x7F,
0x7F,0x7F,0x80,0x80,0x7F,0x7F,0x80,0x80,0x80,0x7F,0x7F,0x7F,0x7F,0x7F,0x80,0x7F,
0x80,0x80,0x80,0x80,0x80,0x80,0x7F,0x80,0x80,0x7F,0x80,0x7F,0x7F,0x7F,0x7F,0x7F,
0x80,0x80,0x80,0x7F,0x7F,0x7F,0x7F,0x80,0x7F,0x80,0x80,0x80,0x7F,0x80,0x80,0x7F,
0x7F,0x7F,0x7F,0x7F,0x7F,0x7F,0x80,0x80,0x7F,0x7F,0x7F,0x7F,0x80,0x80,0x7F,0x7F,
0x80,0x7F,0x80,0x80,0x80,0x80,0x80,0x80,0x7F,0x80,0x80,0x7F,0x7F,0x7F,0x7F,0x7F,
0x80,0x7F,0x7F,0x80,0x80,0x80,0x7F,0x80,0x80,0x80,0x80,0x7F,0x80,0x7F,0x7F,0x7F,
0x7F,0x7F,0x7F,0x80,0x7F,0x7F,0x80,0x80,0x81,0x80,0x7F,0x80,0x80,0x7F,0x80,0x80,
0x7F,0x7F,0x80,0x7F,0x7F,0x7F,0x7F,0x7F,0x80,0x80,0x80,0x80,0x7F,0x80,0x80,0x7F,
0x7F,0x7F,0x7F,0x80,0x80,0x7F,0x7F,0x7F,0x7F,0x7F,0x80,0x80,0x80,0x80,0x7F,0x7F,
0x7F,0x7F,0x80,0x7F,0x7F,0x7F,0x7F,0x7F,0x7E,0x80,0x80,0x7F,0x7F,0x80,0x80,0x80,
0x80,0x80,0x80,0x80,0x80,0x80,0x7F,0x7F,0x7F,0x7F,0x7F,0x80,0x80,0x80,0x7F,0x7F,
0x80,0x7F,0x7F,0x7F,0x7F,0x7F,0x7F,0x80,0x7F,0x80,0x80,0x80,0x80,0x80,0x80,0x7F,
0x7F,0x7F,0x7F,0x7F,0x7F,0x80,0x80,0x80,0x80,0x80,0x81,0x80,0x7F,0x7F,0x7F,0x7F,
0x7E,0x7F,0x7F,0x7F,0x80,0x7F,0x7F,0x80,0x80,0x80,0x80,0x80,0x80,0x7F,0x80,0x7F,
0x7F,0x7F,0x7F,0x7F,0x7E,0x7F,0x80,0x7F,0x80,0x81,0x80,0x80,0x80,0x7F,0x7F,0x7F,
0x7F,0x7F,0x80,0x7F,0x7F,0x80,0x7F,0x7F,0x7F,0x80,0x7F,0x80,0x80,0x80,0x80,0x80,
0x80,0x80,0x7F,0x7F,0x7F,0x7F,0x7F,0x7F,0x7F,0x80,0x7F,0x80,0x80,0x80,0x80,0x80,
0x80,0x80,0x80,0x80,0x7F,0x7F,0x7F,0x7E,0x7F,0x7F,0x7F,0x7F,0x80,0x80,0x80,0x80,
0x80,0x80,0x80,0x80,0x7F,0x80,0x80,0x7F,0x7F,0x7F,0x7F,0x7F,0x80,0x80,0x7F,0x80,
0x7F,0x80,0x80,0x7F,0x80,0x80,0x7F,0x7F,0x7F,0x7F,0x80,0x7F,0x7F,0x7F,0x80,0x7F,
0x7F,0x7F,0x7F,0x80,0x80,0x80,0x80,0x80,0x80,0x80,0x80,0x80,0x7F,0x7F,0x7F,0x7F,
0x80,0x80,0x80,0x80,0x7F,0x7F,0x7F,0x7F,0x7F,0x7E,0x7F,0x80,0x7F,0x7F,0x80,0x7F,
0x7F,0x80,0x81,0x80,0x80,0x80,0x7F,0x7F,0x7F,0x7F,0x7F,0x7F,0x7F,0x7F,0x80,0x80,
0x7F,0x7F,0x7F,0x7F,0x7E,0x80,0x80,0x80,0x80,0x7F,0x80,0x80,0x80,0x80,0x80,0x7F,
0x7F,0x7F,0x7F,0x7F,0x7F,0x7F,0x7F,0x7F,0x7F,0x7F,0x80,0x80,0x80,0x80,0x81,0x81,
0x80,0x7F,0x7F,0x7F,0x7F,0x7F,0x7F,0x80,0x7F,0x7F,0x80,0x7F,0x80,0x80,0x80,0x80,
0x7F,0x80,0x80,0x7F,0x80,0x80,0x7F,0x7F,0x7F,0x7F,0x7F,0x80,0x7F,0x7F,0x7F,0x7F,
0x80,0x80,0x81,0x81,0x80,0x81,0x80,0x7F,0x80,0x7F,0x7F,0x80,0x7F,0x7F,0x7F,0x7F,
0x7F,0x7F,0x7F,0x7F,0x7F,0x80,0x7F,0x80,0x80,0x80,0x80,0x81,0x80,0x7F,0x7F,0x7F,
0x80,0x80,0x80,0x80,0x80,0x7F,0x7F,0x7F,0x7F,0x7F,0x7F,0x80,0x7F,0x7F,0x80,0x80,
0x7F,0x80,0x7F,0x7F,0x80,0x7F,0x80,0x80,0x80,0x80,0x80,0x80,0x7F,0x7F,0x7F,0x7F,
0x80,0x80,0x7F,0x7F,0x7F,0x7F,0x7F,0x7F,0x80,0x81,0x81,0x81,0x81,0x80,0x7F,0x7F,
0x7E,0x7F,0x7F,0x7F,0x7E,0x7F,0x7F,0x7F,0x7F,0x80,0x80,0x80,0x80,0x80,0x81,0x80,
0x80,0x80,0x7F,0x7F,0x7F,0x7F,0x7F,0x7F,0x7F,0x7F,0x7F,0x80,0x80,0x80,0x80,0x80,
0x80,0x80,0x7F,0x80,0x80,0x7F,0x80,0x7F,0x7F,0x7F,0x80,0x80,0x80,0x80,0x80,0x80,
0x7F,0x7F,0x80,0x7F,0x7F,0x80,0x7F,0x80,0x80,0x80,0x80,0x80,0x80,0x7F,0x80,0x7F,
0x7F,0x7F,0x7E,0x7F,0x7F,0x7F,0x7F,0x7F,0x7F,0x80,0x7F,0x7F,0x80,0x80,0x7F,0x7F,
0x80,0x7F,0x7F,0x7F,0x7F,0x7F,0x80,0x80,0x80,0x80,0x80,0x81,0x80,0x80,0x80,0x80,
0x80,0x80,0x80,0x7F,0x7F,0x7F,0x7F,0x80,0x80,0x80,0x80,0x7F,0x7F,0x7F,0x80,0x80,
0x80,0x80,0x80,0x7F,0x7F,0x7F,0x80,0x80,0x7F,0x80,0x80,0x7F,0x80,0x80,0x7F,0x7F,
0x7F,0x7F,0x7F,0x7F,0x7E,0x7F,0x80,0x80,0x80,0x80,0x80,0x80,0x80,0x80,0x80,0x80,
0x7F,0x7F,0x7F,0x7F,0x7F,0x7F,0x7F,0x7F,0x80,0x7F,0x80,0x80,0x80,0x80,0x80,0x80,
0x7F,0x7F,0x80,0x7F,0x80,0x7F,0x7F,0x80,0x80,0x7F,0x80,0x7F,0x7F,0x7F,0x7F,0x7F,
0x7F,0x7F,0x7F,0x80,0x80,0x80,0x80,0x80,0x7F,0x80,0x80,0x7F,0x7F,0x7F,0x80,0x7F,
0x7F,0x80,0x7F,0x80,0x80,0x80,0x80,0x80,0x80,0x80,0x80,0x7F,0x7F,0x80,0x7F,0x7E,
0x7F,0x7F,0x7F,0x80,0x7F,0x7F,0x7F,0x7F,0x7F,0x7F,0x7F,0x80,0x80,0x80,0x80,0x80,
0x80,0x7F,0x7F,0x7F,0x7F,0x7F,0x7F,0x7F,0x7F,0x7F,0x7F,0x80,0x80,0x80,0x80,0x80,
0x80,0x80,0x80,0x7F,0x7F,0x7F,0x80,0x80,0x80,0x7F,0x80,0x7F,0x7F,0x80,0x80,0x80,
0x80,0x80,0x7F,0x7F,0x80,0x80,0x7F,0x7F,0x7F,0x7F,0x7F,0x7F,0x80,0x7F,0x7F,0x7F,
0x7F,0x7F,0x7F,0x7F,0x80,0x80,0x80,0x80,0x80,0x80,0x80,0x80,0x7F,0x7F,0x80,0x80,
0x80,0x80,0x80,0x80,0x80,0x80,0x80,0x7F,0x7F,0x7F,0x80,0x80,0x80,0x80,0x80,0x80,
0x80,0x80,0x80,0x80,0x80,0x80,0x80,0x7F,0x7F,0x7F,0x7F,0x7F,0x7F,0x7F,0x7F,0x7F,
0x7F,0x7F,0x80,0x80,0x7F,0x7F,0x7F,0x7F,0x7F,0x7F,0x7F,0x7F,0x7F,0x7F,0x7F,0x7F,
0x7F,0x7F,0x80,0x80,0x80,0x80,0x80,0x80,0x80,0x80,0x80,0x80,0x80,0x80,0x7F,0x7F,
0x7F,0x7F,0x7F,0x7F,0x7F,0x7F,0x80,0x80,0x80,0x80,0x80,0x80,0x80,0x80,0x7F,0x80,
0x80,0x7F,0x80,0x7F,0x7F,0x7F,0x7F,0x7F,0x7F,0x7F,0x7F,0x7F,0x7F,0x7F,0x7F,0x7F,
0x80,0x7F,0x80,0x80,0x80,0x80,0x7F,0x7F,0x7F,0x7F,0x7F,0x7F,0x7F,0x7F,0x7F,0x7F,
0x7F,0x7F,0x7F,0x7F,0x7F,0x7F,0x7F,0x7F,0x7E,0x7E,0x7E,0x7E,0x7E,0x7F,0x7E,0x7F,
0x7F,0x80,0x80,0x80,0x7F,0x7F,0x7E,0x7E,0x7E,0x7E,0x7F,0x7E,0x7F,0x7F,0x7F,0x7D,
0x7E,0x7E,0x80,0x80,0x81,0x7F,0x82,0x82,0x87,0x86,0x8B,0x89,0x83,0x87,0x86,0x7E,
0x85,0x8C,0x83,0x88,0x75,0x80,0x71,0x83,0x8F,0x81,0xA2,0xA9,0x6C,0x5E,0x79,0x4A,
0x7E,0x99,0x74,0x59,0x80,0xB2,0x98,0xAC,0x9B,0x85,0x68,0x5B,0x57,0x72,0x6B,0x66,
0x86,0x42,0x35,0x5B,0x72,0x46,0x94,0x6C,0x8E,0xE7,0xA1,0xB0,0x77,0x55,0x22,0x4C,
0x7F,0x68,0x6C,0x85,0x7E,0x77,0xA9,0xEB,0xA5,0x92,0xE8,0x9B,0x60,0x68,0x75,0x91,
0xAA,0x71,0x73,0x73,0x76,0x83,0x88,0xA8,0xB3,0x94,0xB5,0xD8,0x89,0xA4,0xA9,0x87,
0x8E,0x90,0x4F,0x48,0x70,0x59,0x49,0x70,0x7A,0x68,0x84,0xA0,0xC6,0xC5,0x98,0x86,
0x62,0x1A,0x5C,0x5A,0x38,0x4F,0x15,0x31,0x56,0x5A,0x65,0x69,0x74,0x53,0x72,0xAE,
0x7E,0x8F,0x9F,0x79,0x79,0xA6,0xB7,0x91,0xAE,0x9B,0x80,0x9B,0xB0,0xA0,0xB1,0x9C,
0xA6,0xD0,0xB9,0xAA,0x8F,0x71,0x62,0x82,0x7C,0x5B,0x62,0x91,0x94,0x8C,0x70,0x70,
0x62,0x5B,0x71,0x67,0x8E,0x94,0x82,0x96,0x98,0x81,0x89,0x8E,0x86,0x6D,0x4B,0x49,
0x5C,0x68,0x63,0x60,0x5F,0x41,0x44,0x54,0x5F,0x70,0x67,0x72,0x63,0x3D,0x40,0x56,
0x67,0x6A,0x68,0x7F,0x8B,0x97,0x9E,0x9E,0xA6,0xA5,0xA9,0xA0,0xAE,0xAA,0xA8,0xA2,
0xA5,0xC5,0xC0,0x96,0x92,0xAF,0x97,0x8D,0x6E,0x6C,0x74,0x66,0x63,0x6F,0x70,0x73,
0x76,0x59,0x56,0x4B,0x6D,0x7A,0x75,0x7F,0x7B,0x87,0x80,0x93,0x96,0x82,0x8E,0x96,
0x8C,0x9B,0xA3,0xA4,0xAB,0x9C,0xA9,0xB8,0xC3,0xAF,0xA2,0xA8,0xA7,0x98,0x92,0x94,
0x83,0x8C,0x7F,0x8B,0x7D,0x76,0x7A,0x80,0x92,0x85,0x7C,0x77,0x61,0x41,0x4E,0x4A,
0x62,0x57,0x60,0x61,0x39,0x33,0x4B,0x55,0x58,0x83,0x59,0x47,0x58,0x53,0x4C,0x58,
0x4D,0x53,0x59,0x54,0x65,0x59,0x54,0x54,0x4E,0x64,0x69,0x67,0x86,0x86,0x6B,0x65,
0x90,0x85,0x8C,0x8E,0x7F,0x74,0x89,0xA9,0xA6,0xB1,0xBB,0xBB,0xA3,0x9B,0xAD,0xB2,
0xB4,0xE2,0xC8,0xB3,0xBC,0xB5,0x93,0xB6,0xB8,0x91,0x95,0xB2,0xC4,0xB3,0xCD,0xC0,
0xA2,0xA4,0xBA,0xAB,0xA9,0x95,0x91,0x95,0xAE,0xB4,0xA5,0x97,0x80,0x66,0x41,0x66,
0x88,0x8C,0x73,0x68,0x6D,0x56,0x59,0x64,0x56,0x49,0x48,0x5A,0x35,0x3B,0x4D,0x47,
0x57,0x46,0x44,0x51,0x53,0x27,0x35,0x54,0x2D,0x26,0x31,0x38,0x36,0x51,0x4E,0x41,
0x52,0x4B,0x66,0x74,0x7A,0x6B,0x5F,0x70,0x74,0x72,0x84,0x78,0x84,0x9D,0x91,0x9F,
0x96,0x87,0x8B,0xA2,0xA6,0xB2,0xAB,0xA7,0xA5,0xA9,0xBA,0xB5,0xC5,0xCA,0xC8,0xC2,
0xBC,0xB7,0xA8,0xB8,0xC3,0xB1,0xB8,0xBA,0xB7,0xB1,0xC0,0xC8,0xBF,0xBF,0xB0,0x99,
0x91,0x90,0x8B,0x8F,0x97,0x8F,0x8F,0x8A,0x8D,0x99,0x99,0xA7,0x8D,0x7A,0x71,0x66,
0x62,0x5A,0x67,0x5D,0x53,0x5F,0x5C,0x30,0x1E,0x49,0x55,0x70,0x79,0x6F,0x67,0x4E,
0x54,0x5D,0x3B,0x2F,0x1B,0x0C,0x1B,0x2E,0x3F,0x41,0x69,0x6D,0x6D,0x6F,0x78,0x6C,
0x45,0x4B,0x51,0x3E,0x4D,0x66,0x67,0x6B,0x71,0x61,0x7A,0x8A,0x6E,0x85,0x95,0x9F,
0x83,0x94,0xA9,0x9F,0xA3,0x97,0xA5,0xA5,0xAD,0xAB,0x8E,0xAB,0xB1,0x9D,0x9E,0x9A,
0xA2,0xAD,0xE3,0xE7,0xC9,0xBE,0xB3,0xA7,0xA5,0xC3,0xB3,0xA0,0xA5,0x94,0x93,0xAB,
0xB7,0xB3,0xB4,0x9B,0x87,0x9B,0x97,0x85,0x9D,0xAE,0xB1,0x96,0x7D,0x7F,0x68,0x6F,
0x6E,0x73,0x7E,0x79,0x82,0x93,0x7F,0x76,0x5B,0x3D,0x59,0x53,0x5C,0x4F,0x52,0x51,
0x3F,0x3D,0x47,0x6D,0x74,0x6A,0x72,0x74,0x51,0x50,0x44,0x33,0x49,0x5D,0x53,0x5D,
0x74,0x79,0x63,0x60,0x68,0x63,0x75,0x75,0x66,0x7C,0x83,0x70,0x73,0x66,0x7B,0x7B,
0x6D,0x7B,0x86,0x8D,0xA0,0xAA,0xA0,0x9E,0x8E,0x77,0x63,0x76,0x7F,0x81,0xA1,0x9F,
0xA2,0xAC,0xA8,0xB9,0x97,0x93,0x96,0x9D,0xB3,0x98,0x92,0xAB,0x97,0x7B,0x7E,0x8A,
0x87,0x76,0x8A,0x89,0x84,0x88,0x95,0x8B,0x7A,0x74,0x87,0x9E,0xA3,0x94,0x75,0x5F,
0x58,0x7B,0x9B,0x87,0x78,0x79,0x67,0x8E,0x8E,0x94,0x96,0x83,0x95,0x8B,0x8B,0x88,
0x81,0x83,0x81,0x89,0x85,0x8C,0x89,0x74,0x70,0x83,0x8B,0x7B,0x7C,0x73,0x70,0x80,
0x97,0x96,0x8B,0x8E,0x8A,0x82,0x6F,0x4E,0x54,0x6A,0x72,0x7D,0x85,0x91,0x87,0x69,
0x69,0x7C,0x75,0x79,0x70,0x5F,0x4B,0x51,0x74,0x86,0x88,0x7A,0x6C,0x58,0x4E,0x65,
0x74,0x6A,0x73,0x5F,0x50,0x60,0x67,0x77,0x6F,0x64,0x71,0x82,0x78,0x6B,0x7F,0x7C,
0x71,0x71,0x71,0x69,0x72,0x7C,0x80,0x92,0x94,0x8E,0x8D,0x84,0x7F,0x91,0x9D,0xAF,
0xA6,0x93,0x85,0x74,0x85,0x90,0x9E,0xA7,0xAE,0xB2,0xA2,0x9E,0x9D,0x9A,0xA5,0xA3,
0x8F,0x8C,0x8D,0xA0,0x9F,0x9F,0xA2,0x9C,0xA6,0x96,0xA1,0x94,0x7D,0x7E,0x9E,0xA9,
0x90,0x8E,0x8B,0x85,0x6A,0x73,0x8E,0x7F,0x74,0x82,0x84,0x78,0x74,0x80,0x6D,0x59,
0x7A,0x7E,0x77,0x7E,0x67,0x57,0x49,0x4F,0x78,0x6A,0x71,0x69,0x6B,0x7C,0x56,0x4C,
0x65,0x78,0x67,0x6B,0x6C,0x67,0x55,0x58,0x3B,0x51,0x6F,0x74,0x9F,0x78,0x64,0x5D,
0x4F,0x69,0x62,0x54,0x83,0x64,0x5C,0x81,0x91,0x93,0x70,0x78,0x7D,0x8B,0x8A,0x83,
0x8D,0x8B,0xAB,0xC1,0x92,0x9F,0x92,0x59,0x67,0x79,0x81,0x81,0xA4,0xBF,0xB0,0xAE,
0xB6,0xAF,0xA3,0xA8,0xAE,0x85,0x80,0x8B,0x9C,0x9E,0x90,0xAB,0x94,0x93,0x86,0x90,
0x8C,0x91,0xB0,0xAF,0x9E,0x99,0x9E,0x60,0x73,0x72,0x75,0xA4,0x92,0x6C,0x77,0x7B,
0x64,0x58,0x71,0x7F,0x69,0x98,0x98,0x99,0x89,0x67,0x60,0x55,0x3D,0x44,0x6A,0x6C,
0x61,0x70,0x63,0x5A,0x80,0x80,0x94,0x7C,0x76,0x61,0x3C,0x4C,0x58,0x82,0x8A,0x60,
0x54,0x48,0x65,0x84,0x6F,0x83,0x87,0x84,0x76,0x87,0x6A,0x64,0x80,0x79,0x86,0x6A,
0x79,0x8A,0x8B,0x94,0x8D,0x91,0x9D,0x86,0x8B,0xAB,0x94,0x7A,0x91,0xAC,0x85,0x82,
0xA4,0xA4,0xAD,0x95,0x93,0xB3,0xA8,0x9A,0xA3,0x8E,0x7A,0x7E,0x8F,0xA7,0x87,0x83,
0xA1,0x96,0x6A,0x6A,0x83,0x79,0x79,0x92,0x8A,0x7B,0x81,0x78,0x64,0x6B,0x8C,0x82,
0x7B,0x81,0x73,0x61,0x71,0x6D,0x78,0x7E,0x63,0x68,0x4E,0x57,0x69,0x6E,0x8C,0x9F,
0x7D,0x66,0x67,0x60,0x72,0x78,0x7F,0x82,0x71,0x6C,0x6A,0x73,0x7C,0x71,0x6E,0x71,
0x8E,0x89,0x8A,0x79,0x73,0x8E,0x83,0x6F,0x6E,0x73,0x79,0x9D,0x93,0x8C,0x7A,0x6E,
0x6F,0x7C,0x86,0x78,0x87,0x8F,0x97,0x99,0x8B,0x85,0x8F,0x84,0x96,0x98,0x82,0x8C,
0x97,0x9D,0x90,0x8B,0x88,0x91,0x93,0x7C,0x73,0x5A,0x6B,0x8A,0x82,0x93,0x90,0x83,
0x7B,0x80,0x7D,0x87,0x8A,0x84,0x84,0x70,0x73,0x7C,0x76,0x72,0x90,0x6F,0x70,0x7D,
0x6F,0x7D,0x72,0x73,0x85,0x90,0x93,0x86,0x70,0x69,0x62,0x7C,0x74,0x6D,0x91,0x8C,
0x92,0x82,0x65,0x5E,0x66,0x73,0x6E,0x7B,0x79,0x93,0x92,0x89,0x8E,0x81,0x7F,0x7D,
0x71,0x7B,0x79,0x62,0x7A,0x82,0x82,0x8D,0x8E,0x81,0x93,0x8D,0x94,0x8D,0x96,0x88,
0x64,0x75,0x6F,0x85,0x82,0x7F,0x7D,0x7D,0x7D,0x87,0x9D,0x90,0x89,0x80,0x71,0x76,
0x83,0x8A,0x90,0x87,0x82,0x89,0x86,0x7C,0x72,0x7E,0x68,0x60,0x85,0x93,0x8E,0x8E,
0x8E,0x7F,0x7C,0x7A,0x71,0x5F,0x71,0x7B,0x73,0x83,0x85,0x86,0x85,0x7C,0x7F,0x75,
0x78,0x77,0x71,0x7C,0x78,0x87,0x8E,0x8A,0x6B,0x67,0x7E,0x8F,0x8F,0x9D,0x96,0x81,
0x80,0x6F,0x6E,0x5E,0x6B,0x85,0x91,0x8B,0x88,0x86,0x72,0x7D,0x97,0x8C,0x76,0x81,
0x8F,0x7F,0x78,0x91,0x87,0x86,0x8D,0x82,0x81,0x76,0x80,0x87,0x71,0x7E,0x94,0x81,
0x83,0x84,0x82,0x7A,0x74,0x72,0x87,0x8A,0x78,0x7C,0x7A,0x7A,0x75,0x6E,0x61,0x83,
0x81,0x70,0x76,0x7F,0x83,0x87,0x86,0x74,0x77,0x7A,0x76,0x7C,0x74,0x78,0x85,0x77,
0x7B,0x83,0x8A,0x81,0x7E,0x77,0x7F,0x83,0x73,0x69,0x85,0x96,0x8E,0x98,0x80,0x7B,
0x66,0x6E,0x85,0x82,0x7D,0x84,0x9E,0x8E,0x7E,0x93,0x9E,0x84,0x8C,0x93,0x78,0x77,
0x91,0x92,0x80,0x9D,0x8A,0x79,0x70,0x86,0x8D,0x70,0x9C,0x9E,0x82,0x7E,0x7F,0x7F,
0x82,0x7D,0x89,0x90,0x8B,0x8C,0x87,0x7C,0x85,0x75,0x69,0x72,0x76,0x74,0x6C,0x7D,
0x7B,0x85,0x86,0x81,0x73,0x65,0x67,0x69,0x78,0x83,0x75,0x72,0x79,0x76,0x8A,0x7A,
0x78,0x77,0x66,0x73,0x73,0x7D,0x78,0x74,0x74,0x7B,0x81,0x8E,0x8A,0x7B,0x6C,0x69,
0x7C,0x76,0x7C,0x77,0x80,0x7D,0x8B,0x87,0x7E,0x83,0x76,0x84,0x90,0x9B,0x8A,0x73,
0x79,0x78,0x78,0x93,0x83,0x8E,0x8B,0x89,0x89,0x7C,0x88,0x84,0x90,0x82,0x86,0x8B,
0x88,0x8D,0x85,0x79,0x79,0x87,0x8F,0x93,0x9C,0x98,0x95,0x81,0x84,0x80,0x77,0x82,
0x6E,0x7B,0x88,0x8B,0x82,0x89,0x88,0x80,0x96,0x8C,0x8D,0x8E,0x74,0x73,0x66,0x68,
0x6D,0x7D,0x7D,0x7E,0x8E,0x7A,0x8F,0x90,0x86,0x7C,0x69,0x71,0x79,0x6E,0x76,0x6A,
0x64,0x7A,0x67,0x73,0x76,0x83,0x82,0x71,0x88,0x7E,0x75,0x7D,0x7B,0x69,0x75,0x7C,
0x7C,0x8A,0x7A,0x60,0x66,0x79,0x7A,0x96,0x92,0x86,0x80,0x7D,0x88,0x90,0x8B,0x76,
0x73,0x78,0x79,0x79,0x84,0x89,0x8F,0x86,0x85,0x81,0x7D,0x8A,0x84,0x81,0x90,0x89,
0x91,0x91,0x8C,0x9A,0x80,0x78,0x71,0x80,0x89,0x85,0x9A,0x9A,0x95,0x8D,0x82,0x6D,
0x6D,0x73,0x6F,0x86,0x89,0x8C,0x8D,0x80,0x7C,0x83,0x8D,0x7D,0x7F,0x7D,0x7E,0x77,
0x6D,0x87,0x88,0x7D,0x78,0x77,0x77,0x6D,0x70,0x86,0x86,0x94,0x8B,0x75,0x83,0x7C,
0x85,0x7E,0x73,0x70,0x70,0x78,0x6E,0x69,0x7F,0x89,0x86,0x82,0x78,0x73,0x74,0x7C,
0x80,0x8F,0x8B,0x7F,0x7E,0x7D,0x7C,0x7E,0x74,0x71,0x73,0x77,0x78,0x7C,0x7F,0x7F,
0x87,0x85,0x8F,0x7F,0x79,0x80,0x76,0x76,0x82,0x88,0x86,0x80,0x80,0x7C,0x90,0x8F,
0x74,0x7E,0x89,0x8B,0x83,0x80,0x82,0x7F,0x85,0x82,0x76,0x76,0x80,0x8F,0x8F,0x98,
0x92,0x84,0x8A,0x8B,0x7F,0x88,0x73,0x6C,0x85,0x8F,0x91,0x8A,0x8D,0x72,0x6A,0x76,
0x8D,0x88,0x8E,0x88,0x88,0x79,0x75,0x86,0x7D,0x79,0x78,0x76,0x6E,0x8B,0x81,0x7A,
0x79,0x7D,0x7E,0x81,0x8D,0x84,0x86,0x78,0x70,0x6C,0x73,0x73,0x6B,0x71,0x77,0x7C,
0x78,0x7B,0x7D,0x7C,0x82,0x83,0x81,0x82,0x7B,0x6B,0x73,0x72,0x6C,0x7B,0x86,0x85,
0x7A,0x7E,0x83,0x83,0x80,0x7C,0x74,0x6F,0x6B,0x7E,0x84,0x86,0x8D,0x86,0x87,0x84,
0x85,0x83,0x7E,0x7C,0x91,0x8F,0x8C,0x8C,0x7E,0x83,0x77,0x68,0x7A,0x88,0x86,0x90,
0x8E,0x7E,0x8F,0x9A,0x86,0x8F,0x8C,0x73,0x75,0x84,0x83,0x83,0x8F,0x91,0x8A,0x85,
0x82,0x7A,0x80,0x87,0x83,0x91,0x80,0x7A,0x87,0x87,0x8B,0x81,0x71,0x72,0x86,0x7B,
0x74,0x7F,0x84,0x93,0x8E,0x77,0x7C,0x6F,0x79,0x77,0x72,0x81,0x77,0x85,0x7B,0x72,
0x74,0x7B,0x86,0x8B,0x81,0x7A,0x7C,0x6F,0x77,0x7A,0x75,0x78,0x79,0x7A,0x70,0x77,
0x77,0x70,0x81,0x81,0x7E,0x80,0x7B,0x83,0x85,0x6C,0x7E,0x73,0x7D,0x89,0x74,0x8B,
0x7F,0x82,0x7E,0x7C,0x8B,0x81,0x84,0x81,0x76,0x80,0x84,0x89,0x88,0x87,0x8D,0x89,
0x7F,0x7A,0x89,0x7E,0x76,0x81,0x88,0x8B,0x86,0x87,0x83,0x84,0x91,0x94,0x90,0x80,
0x80,0x81,0x79,0x7D,0x7D,0x84,0x80,0x7D,0x87,0x89,0x7C,0x7F,0x7D,0x77,0x81,0x7C,
0x82,0x89,0x82,0x8C,0x85,0x76,0x7F,0x80,0x75,0x77,0x76,0x70,0x73,0x7D,0x85,0x7F,
0x90,0x8A,0x72,0x75,0x75,0x71,0x72,0x7F,0x85,0x85,0x7D,0x6A,0x7B,0x7D,0x73,0x7C,
0x7A,0x7A,0x72,0x84,0x88,0x83,0x84,0x86,0x73,0x75,0x7C,0x75,0x81,0x75,0x83,0x84,
0x84,0x83,0x84,0x7A,0x8B,0x8B,0x7A,0x85,0x7C,0x84,0x78,0x84,0x87,0x77,0x7E,0x88,
0x94,0x8C,0x80,0x80,0x7B,0x7F,0x7F,0x7A,0x8B,0x85,0x87,0x8D,0x8A,0x86,0x7B,0x80,
0x7C,0x85,0x8C,0x82,0x81,0x79,0x7C,0x7D,0x81,0x87,0x79,0x8A,0x85,0x7F,0x8A,0x87,
0x7C,0x75,0x74,0x74,0x78,0x72,0x87,0x82,0x80,0x8D,0x8E,0x8E,0x81,0x83,0x7D,0x76,
0x7A,0x69,0x6E,0x74,0x7C,0x8D,0x80,0x84,0x84,0x7B,0x76,0x79,0x73,0x7B,0x8A,0x89,
0x8A,0x80,0x80,0x78,0x70,0x70,0x72,0x74,0x87,0x90,0x82,0x80,0x7A,0x7E,0x7D,0x81,
0x7D,0x79,0x79,0x70,0x7F,0x8D,0x8B,0x87,0x82,0x79,0x7F,0x80,0x84,0x82,0x7F,0x81,
0x7B,0x7D,0x82,0x89,0x82,0x80,0x7F,0x86,0x7E,0x7A,0x87,0x84,0x82,0x8D,0x83,0x7B,
0x7F,0x75,0x80,0x7F,0x78,0x87,0x85,0x76,0x75,0x7F,0x81,0x83,0x90,0x99,0x87,0x7A,
0x80,0x84,0x7B,0x73,0x77,0x7A,0x80,0x7C,0x82,0x87,0x8B,0x85,0x7C,0x81,0x7C,0x7D,
0x82,0x7D,0x7C,0x8B,0x7E,0x6E,0x76,0x7E,0x77,0x81,0x88,0x7C,0x83,0x88,0x85,0x7E,
0x7E,0x7D,0x78,0x74,0x74,0x7B,0x84,0x85,0x84,0x80,0x7B,0x7C,0x76,0x7B,0x7A,0x76,
0x85,0x8A,0x86,0x82,0x82,0x7B,0x7D,0x76,0x83,0x92,0x81,0x74,0x7A,0x7D,0x7F,0x84,
0x7D,0x8E,0x88,0x85,0x87,0x7E,0x7B,0x7F,0x74,0x79,0x87,0x75,0x7C,0x87,0x84,0x87,
0x8E,0x88,0x8A,0x82,0x78,0x7A,0x7E,0x74,0x78,0x7E,0x7D,0x8D,0x8A,0x7A,0x74,0x7A,
0x7C,0x84,0x93,0x89,0x86,0x8C,0x82,0x81,0x78,0x77,0x79,0x73,0x7B,0x80,0x82,0x85,
0x89,0x87,0x7D,0x7B,0x7C,0x7B,0x88,0x7C,0x7A,0x7C,0x75,0x7F,0x78,0x78,0x80,0x86,
0x80,0x7D,0x78,0x79,0x83,0x82,0x85,0x7E,0x76,0x79,0x79,0x7C,0x86,0x8A,0x87,0x8C,
0x7A,0x6E,0x72,0x74,0x7E,0x80,0x85,0x88,0x82,0x7E,0x7C,0x7A,0x7F,0x7A,0x8F,0x84,
0x7E,0x82,0x6C,0x7D,0x7D,0x7D,0x72,0x82,0x8D,0x8E,0x90,0x7A,0x85,0x83,0x81,0x7B,
0x7E,0x87,0x82,0x7E,0x78,0x7F,0x7E,0x84,0x83,0x7F,0x83,0x7F,0x7F,0x82,0x83,0x80,
0x87,0x88,0x7C,0x83,0x83,0x7F,0x7B,0x82,0x88,0x79,0x85,0x89,0x7D,0x79,0x7C,0x7E,
0x7E,0x7A,0x7F,0x81,0x7D,0x89,0x8D,0x88,0x7F,0x7D,0x80,0x74,0x76,0x7E,0x84,0x7F,
0x74,0x8A,0x7D,0x78,0x85,0x84,0x83,0x75,0x75,0x82,0x7D,0x7C,0x81,0x82,0x87,0x83,
0x75,0x76,0x7B,0x7F,0x89,0x7E,0x7F,0x79,0x76,0x7B,0x76,0x7E,0x83,0x81,0x85,0x8D,
0x8A,0x7D,0x84,0x7E,0x75,0x81,0x80,0x83,0x84,0x82,0x7F,0x78,0x7A,0x76,0x80,0x8B,
0x82,0x7B,0x78,0x87,0x8E,0x83,0x7F,0x7B,0x81,0x81,0x75,0x77,0x79,0x80,0x8D,0x8C,
0x84,0x80,0x81,0x73,0x6E,0x80,0x7F,0x83,0x81,0x81,0x84,0x83,0x85,0x7B,0x80,0x86,
0x83,0x83,0x7E,0x77,0x7C,0x78,0x84,0x89,0x81,0x7E,0x7D,0x83,0x80,0x86,0x7D,0x7D,
0x80,0x85,0x87,0x7C,0x77,0x79,0x74,0x73,0x7C,0x7D,0x84,0x81,0x84,0x8B,0x83,0x7E,
0x79,0x79,0x7C,0x84,0x85,0x85,0x87,0x7D,0x7A,0x7D,0x79,0x79,0x7D,0x83,0x7D,0x7B,
0x7E,0x7E,0x85,0x81,0x85,0x74,0x77,0x7E,0x7A,0x88,0x88,0x84,0x80,0x83,0x84,0x7C,
0x74,0x75,0x78,0x7E,0x87,0x87,0x83,0x86,0x83,0x84,0x7F,0x79,0x7C,0x87,0x82,0x7B,
0x85,0x7E,0x80,0x8B,0x7F,0x77,0x83,0x87,0x80,0x7A,0x7C,0x7D,0x81,0x86,0x88,0x85,
0x82,0x82,0x81,0x79,0x78,0x7F,0x79,0x83,0x8B,0x88,0x87,0x84,0x7E,0x7E,0x7C,0x7E,
0x81,0x80,0x79,0x75,0x7C,0x7B,0x83,0x85,0x7F,0x7C,0x7E,0x81,0x81,0x7E,0x7E,0x83,
0x76,0x7E,0x83,0x7B,0x84,0x80,0x7B,0x78,0x79,0x76,0x7E,0x8A,0x7E,0x85,0x7B,0x73,
0x81,0x78,0x80,0x87,0x79,0x7F,0x82,0x83,0x89,0x7D,0x7E,0x7B,0x79,0x7B,0x74,0x8A,
0x84,0x7B,0x82,0x84,0x84,0x82,0x85,0x80,0x7E,0x7C,0x7F,0x7F,0x83,0x80,0x7A,0x87,
0x83,0x81,0x83,0x82,0x87,0x82,0x7E,0x7F,0x7C,0x7A,0x7B,0x7B,0x82,0x87,0x84,0x81,
0x84,0x83,0x82,0x87,0x7E,0x81,0x84,0x83,0x7D,0x82,0x83,0x84,0x80,0x74,0x7A,0x7B,
0x7C,0x7B,0x82,0x84,0x80,0x80,0x83,0x85,0x81,0x83,0x81,0x7C,0x7A,0x7B,0x74,0x7B,
0x7E,0x83,0x87,0x7E,0x7A,0x76,0x81,0x78,0x7C,0x87,0x7F,0x82,0x81,0x81,0x7B,0x7A,
0x78,0x7A,0x7E,0x7D,0x86,0x8D,0x8A,0x85,0x79,0x79,0x7E,0x7B,0x7D,0x7E,0x7F,0x7F,
0x7C,0x84,0x84,0x84,0x8D,0x85,0x83,0x7B,0x72,0x76,0x79,0x7A,0x83,0x86,0x81,0x84,
0x89,0x82,0x80,0x7F,0x80,0x85,0x86,0x82,0x80,0x85,0x7F,0x7D,0x81,0x7D,0x7D,0x7F,
0x7A,0x7D,0x82,0x82,0x89,0x82,0x74,0x7D,0x82,0x7D,0x86,0x8C,0x81,0x81,0x85,0x77,
0x75,0x7C,0x7D,0x7F,0x7F,0x7C,0x7F,0x80,0x84,0x81,0x7D,0x7D,0x7F,0x7B,0x7D,0x83,
0x76,0x80,0x87,0x81,0x84,0x7E,0x76,0x7C,0x7B,0x74,0x7B,0x7C,0x7D,0x83,0x81,0x85,
0x81,0x7C,0x7D,0x7A,0x80,0x82,0x88,0x8C,0x82,0x7C,0x7E,0x78,0x7D,0x7C,0x7E,0x83,
0x80,0x85,0x82,0x81,0x81,0x89,0x88,0x7C,0x7E,0x7E,0x7C,0x7D,0x77,0x7B,0x7C,0x82,
0x85,0x89,0x92,0x88,0x7E,0x7C,0x7A,0x7A,0x7C,0x79,0x7A,0x7C,0x7E,0x81,0x84,0x84,
0x86,0x86,0x82,0x7C,0x7D,0x84,0x82,0x84,0x80,0x84,0x7B,0x78,0x7E,0x7E,0x7F,0x7F,
0x87,0x81,0x81,0x78,0x76,0x80,0x7E,0x7E,0x7C,0x85,0x8A,0x7F,0x7F,0x84,0x7E,0x75,
0x74,0x7B,0x80,0x82,0x80,0x84,0x86,0x84,0x7C,0x7B,0x81,0x7B,0x7E,0x7A,0x7D,0x80,
0x7C,0x78,0x7F,0x83,0x85,0x82,0x7D,0x80,0x7E,0x83,0x82,0x7F,0x83,0x80,0x7B,0x7F,
0x7D,0x81,0x85,0x85,0x87,0x7D,0x76,0x7E,0x7F,0x80,0x89,0x79,0x78,0x7D,0x7C,0x7E,
0x82,0x89,0x81,0x86,0x84,0x84,0x82,0x80,0x7C,0x7B,0x7A,0x7D,0x88,0x7D,0x7B,0x79,
0x7D,0x7B,0x80,0x85,0x82,0x89,0x82,0x84,0x80,0x7D,0x7E,0x7A,0x7C,0x79,0x77,0x79,
0x7F,0x81,0x89,0x88,0x7E,0x7A,0x7F,0x87,0x83,0x84,0x7F,0x7D,0x83,0x7C,0x79,0x7D,
0x7D,0x80,0x84,0x81,0x7E,0x80,0x7E,0x83,0x87,0x81,0x7E,0x81,0x83,0x82,0x7A,0x7A,
0x7E,0x7B,0x80,0x81,0x80,0x7A,0x7C,0x88,0x85,0x84,0x8B,0x81,0x7A,0x7F,0x7D,0x7B,
0x77,0x7A,0x80,0x86,0x84,0x83,0x87,0x84,0x80,0x7A,0x77,0x77,0x73,0x7A,0x80,0x83,
0x8C,0x8A,0x88,0x82,0x7C,0x81,0x7B,0x77,0x7C,0x7C,0x7D,0x81,0x82,0x7C,0x7F,0x81,
0x81,0x7E,0x7C,0x82,0x81,0x7D,0x7E,0x81,0x82,0x84,0x83,0x87,0x7C,0x7B,0x84,0x80,
0x7E,0x82,0x81,0x78,0x83,0x7D,0x78,0x7A,0x84,0x87,0x85,0x87,0x82,0x7A,0x80,0x83,
0x77,0x7F,0x7C,0x7E,0x81,0x84,0x86,0x7F,0x81,0x7F,0x81,0x80,0x83,0x84,0x83,0x82,
0x7D,0x7C,0x7B,0x83,0x82,0x7B,0x7C,0x7E,0x80,0x82,0x78,0x75,0x7D,0x81,0x84,0x84,
0x85,0x82,0x7B,0x7B,0x81,0x7F,0x7B,0x7C,0x78,0x7A,0x84,0x84,0x81,0x7E,0x7D,0x7E,
0x7F,0x7D,0x7E,0x7E,0x81,0x85,0x80,0x7F,0x7B,0x7E,0x81,0x7E,0x83,0x84,0x80,0x7E,
0x78,0x78,0x7C,0x7C,0x7C,0x7D,0x86,0x89,0x84,0x8A,0x86,0x7E,0x7C,0x7F,0x7F,0x7C,
0x81,0x80,0x7F,0x7B,0x80,0x85,0x83,0x80,0x89,0x85,0x77,0x7D,0x7A,0x82,0x85,0x7C,
0x7D,0x80,0x81,0x81,0x83,0x83,0x7F,0x81,0x82,0x7B,0x81,0x80,0x7F,0x7C,0x7D,0x86,
0x83,0x7F,0x7C,0x7C,0x7D,0x80,0x80,0x81,0x7F,0x80,0x81,0x7D,0x7E,0x81,0x7A,0x78,
0x79,0x7A,0x7C,0x7F,0x81,0x80,0x83,0x80,0x7F,0x7B,0x7B,0x7F,0x7E,0x80,0x82,0x7F,
0x7F,0x7D,0x7A,0x75,0x7B,0x81,0x84,0x81,0x7B,0x7A,0x81,0x7F,0x7F,0x86,0x83,0x82,
0x83,0x81,0x79,0x80,0x86,0x83,0x7F,0x7C,0x7D,0x77,0x77,0x81,0x85,0x8C,0x8B,0x85,
0x85,0x81,0x7E,0x7F,0x7C,0x7C,0x7F,0x7E,0x83,0x83,0x87,0x86,0x88,0x83,0x80,0x86,
0x7E,0x7B,0x7A,0x80,0x81,0x81,0x7F,0x82,0x82,0x7D,0x82,0x82,0x82,0x82,0x83,0x7E,
0x76,0x7A,0x78,0x7F,0x86,0x80,0x7F,0x7E,0x7C,0x79,0x7A,0x80,0x81,0x81,0x81,0x83,
0x83,0x80,0x7D,0x77,0x7D,0x80,0x78,0x7A,0x7B,0x7C,0x7F,0x81,0x85,0x87,0x81,0x77,
0x7B,0x7F,0x7B,0x7B,0x7F,0x7E,0x83,0x82,0x7F,0x84,0x80,0x80,0x7F,0x7C,0x81,0x87,
0x7F,0x84,0x82,0x77,0x78,0x7D,0x82,0x81,0x81,0x83,0x82,0x81,0x82,0x81,0x80,0x82,
0x83,0x81,0x7E,0x7B,0x82,0x81,0x82,0x84,0x81,0x7E,0x7C,0x7F,0x7E,0x7F,0x80,0x7E,
0x80,0x87,0x89,0x88,0x85,0x7A,0x7A,0x7D,0x7B,0x7E,0x7C,0x7C,0x80,0x80,0x83,0x83,
0x80,0x7F,0x7F,0x7B,0x7A,0x82,0x85,0x80,0x7E,0x7B,0x73,0x7F,0x82,0x7C,0x80,0x82,
0x80,0x7C,0x81,0x7F,0x7C,0x7E,0x84,0x83,0x84,0x85,0x81,0x81,0x7E,0x7D,0x7B,0x7D,
0x82,0x80,0x80,0x84,0x82,0x81,0x7F,0x7B,0x7C,0x7D,0x7F,0x84,0x85,0x82,0x82,0x7D,
0x7F,0x82,0x85,0x83,0x81,0x81,0x7D,0x7F,0x7F,0x80,0x80,0x7F,0x81,0x7E,0x7B,0x7E,
0x84,0x85,0x86,0x85,0x83,0x81,0x7B,0x7C,0x7C,0x7E,0x7C,0x76,0x7F,0x83,0x83,0x85,
0x83,0x83,0x85,0x7F,0x78,0x7C,0x79,0x7A,0x7E,0x81,0x80,0x7C,0x7F,0x7E,0x7F,0x7E,
0x7E,0x7F,0x7F,0x81,0x7F,0x7A,0x7E,0x7D,0x78,0x79,0x7E,0x87,0x85,0x84,0x80,0x79,
0x7A,0x7D,0x7C,0x80,0x7F,0x7F,0x84,0x7F,0x80,0x7E,0x79,0x7C,0x81,0x80,0x82,0x82,
0x80,0x80,0x7D,0x7C,0x7C,0x7D,0x78,0x7B,0x7D,0x81,0x88,0x87,0x86,0x89,0x89,0x7E,
0x7F,0x7C,0x77,0x7A,0x7E,0x85,0x81,0x7F,0x7D,0x82,0x84,0x82,0x84,0x81,0x7E,0x7E,
0x82,0x82,0x83,0x86,0x86,0x80,0x7C,0x80,0x7F,0x7B,0x7E,0x7D,0x80,0x82,0x82,0x81,
0x7F,0x83,0x7E,0x7E,0x7D,0x7F,0x81,0x80,0x81,0x7F,0x7D,0x7E,0x81,0x80,0x82,0x82,
0x81,0x7D,0x7B,0x7A,0x7B,0x7F,0x80,0x7F,0x81,0x81,0x80,0x7F,0x7D,0x7E,0x7D,0x81,
0x7B,0x78,0x81,0x84,0x81,0x7F,0x7A,0x7A,0x7F,0x7B,0x7A,0x7F,0x81,0x82,0x84,0x85,
0x83,0x7C,0x7E,0x7C,0x7D,0x82,0x7C,0x7D,0x80,0x7D,0x7F,0x83,0x83,0x81,0x7E,0x7F,
0x7F,0x7C,0x7D,0x80,0x82,0x80,0x7F,0x81,0x82,0x7F,0x7F,0x7D,0x7D,0x81,0x7C,0x7C,
0x7F,0x7E,0x7E,0x7D,0x81,0x81,0x82,0x86,0x85,0x87,0x83,0x7C,0x7D,0x7E,0x7E,0x7E,
0x7F,0x81,0x82,0x84,0x80,0x7F,0x81,0x80,0x7E,0x7C,0x7D,0x82,0x84,0x82,0x80,0x7D,
0x7E,0x80,0x83,0x84,0x7D,0x7D,0x80,0x7C,0x7D,0x82,0x85,0x86,0x82,0x84,0x80,0x7D,
0x78,0x74,0x7B,0x7F,0x82,0x85,0x86,0x85,0x84,0x7F,0x78,0x7E,0x82,0x83,0x84,0x82,
0x80,0x7D,0x7F,0x80,0x7F,0x80,0x80,0x7F,0x80,0x7E,0x80,0x82,0x80,0x7F,0x80,0x80,
0x7F,0x7E,0x7C,0x7C,0x7B,0x81,0x84,0x82,0x82,0x82,0x82,0x7D,0x7C,0x78,0x7A,0x80,
0x7F,0x82,0x84,0x7F,0x7D,0x82,0x83,0x7B,0x7E,0x83,0x7E,0x7B,0x7D,0x82,0x7F,0x7D,
0x80,0x82,0x81,0x83,0x83,0x80,0x80,0x7E,0x80,0x7B,0x79,0x7C,0x82,0x82,0x80,0x81,
0x7F,0x80,0x81,0x82,0x82,0x7F,0x7E,0x82,0x7F,0x7C,0x7C,0x79,0x7F,0x85,0x7F,0x7F,
0x7F,0x7B,0x7F,0x81,0x81,0x81,0x81,0x84,0x81,0x80,0x81,0x80,0x80,0x7E,0x7E,0x7C,
0x7E,0x7F,0x7E,0x83,0x81,0x7D,0x7E,0x81,0x80,0x80,0x83,0x86,0x87,0x80,0x80,0x7B,
0x78,0x7B,0x7D,0x7D,0x7E,0x88,0x85,0x84,0x86,0x83,0x7F,0x7E,0x7F,0x7B,0x7C,0x7F,
0x78,0x78,0x83,0x81,0x85,0x87,0x81,0x7D,0x7D,0x7D,0x7D,0x81,0x80,0x7E,0x7F,0x80,
0x7F,0x83,0x87,0x83,0x7E,0x80,0x7F,0x7D,0x7D,0x7C,0x80,0x82,0x7E,0x7D,0x7C,0x80,
0x7E,0x7D,0x82,0x7F,0x7F,0x81,0x83,0x82,0x80,0x80,0x7E,0x7D,0x7C,0x7A,0x7E,0x80,
0x82,0x82,0x7E,0x7A,0x7D,0x7F,0x7C,0x7E,0x80,0x82,0x84,0x80,0x81,0x83,0x7F,0x80,
0x7E,0x80,0x80,0x7A,0x7C,0x80,0x7D,0x80,0x85,0x82,0x80,0x81,0x7E,0x7F,0x81,0x7D,
0x7C,0x7D,0x7E,0x81,0x7D,0x7B,0x7B,0x7E,0x83,0x82,0x85,0x83,0x80,0x81,0x7F,0x7E,
0x7F,0x7F,0x7D,0x7F,0x7E,0x81,0x82,0x7F,0x7E,0x7C,0x7F,0x80,0x81,0x84,0x84,0x81,
0x7D,0x7E,0x7F,0x84,0x86,0x82,0x80,0x7F,0x79,0x78,0x7B,0x7D,0x80,0x82,0x85,0x86,
0x85,0x85,0x84,0x82,0x7D,0x7A,0x7A,0x7A,0x7C,0x80,0x7F,0x7C,0x7F,0x82,0x81,0x7F,
0x83,0x80,0x7B,0x7D,0x7F,0x80,0x83,0x83,0x7D,0x7C,0x7F,0x7F,0x80,0x84,0x80,0x7D,
0x7F,0x7F,0x7F,0x7D,0x80,0x80,0x80,0x82,0x80,0x80,0x7F,0x7D,0x7D,0x80,0x82,0x7C,
0x7D,0x81,0x7E,0x7E,0x7E,0x7F,0x7E,0x7E,0x81,0x85,0x87,0x85,0x82,0x82,0x7F,0x7D,
0x7A,0x77,0x7C,0x7C,0x7D,0x82,0x85,0x85,0x84,0x81,0x81,0x81,0x7E,0x7F,0x80,0x83,
0x82,0x7F,0x7D,0x79,0x7A,0x7E,0x81,0x80,0x80,0x83,0x81,0x7F,0x81,0x7F,0x7F,0x83,
0x80,0x7E,0x81,0x81,0x82,0x80,0x7C,0x7E,0x7F,0x7F,0x81,0x81,0x7F,0x7F,0x81,0x82,
0x7D,0x7E,0x81,0x81,0x80,0x80,0x83,0x83,0x84,0x85,0x80,0x7E,0x7F,0x7E,0x7C,0x7D,
0x7D,0x7D,0x80,0x7E,0x82,0x83,0x82,0x83,0x7D,0x7E,0x82,0x7F,0x7C,0x7E,0x82,0x81,
0x80,0x7E,0x7D,0x7B,0x7C,0x7E,0x80,0x80,0x80,0x83,0x84,0x83,0x7E,0x7C,0x7C,0x7C,
0x7F,0x84,0x83,0x81,0x7E,0x7C,0x7C,0x7E,0x80,0x80,0x81,0x7F,0x7D,0x7B,0x7B,0x7D,
0x7F,0x82,0x83,0x80,0x7F,0x84,0x86,0x83,0x85,0x83,0x80,0x7B,0x7A,0x79,0x79,0x7D,
0x83,0x80,0x7D,0x83,0x84,0x83,0x80,0x7F,0x81,0x7F,0x7D,0x80,0x81,0x82,0x84,0x82,
0x7C,0x7A,0x7E,0x7F,0x80,0x7F,0x80,0x80,0x7E,0x81,0x82,0x81,0x80,0x80,0x80,0x7E,
0x7C,0x7B,0x7B,0x7D,0x80,0x83,0x83,0x83,0x87,0x84,0x80,0x82,0x80,0x7B,0x7C,0x7E,
0x7D,0x7A,0x79,0x80,0x82,0x83,0x84,0x84,0x7F,0x80,0x81,0x7D,0x7F,0x7C,0x7C,0x7F,
0x7F,0x7E,0x7D,0x81,0x80,0x7C,0x7C,0x7F,0x81,0x80,0x81,0x81,0x7F,0x7E,0x7C,0x7D,
0x80,0x7E,0x7F,0x82,0x82,0x7F,0x7E,0x7F,0x7F,0x83,0x83,0x81,0x80,0x7E,0x7D,0x7B,
0x7D,0x80,0x80,0x7F,0x7F,0x83,0x85,0x85,0x86,0x85,0x81,0x7E,0x7B,0x7A,0x7A,0x7D,
0x7F,0x83,0x86,0x86,0x84,0x82,0x7F,0x78,0x78,0x7C,0x7C,0x7D,0x81,0x83,0x86,0x86,
0x80,0x7D,0x7E,0x7D,0x7C,0x7E,0x7E,0x80,0x84,0x80,0x7F,0x7F,0x7E,0x7F,0x81,0x82,
0x81,0x80,0x7D,0x7E,0x7D,0x7D,0x80,0x82,0x83,0x7E,0x7A,0x7D,0x7D,0x7E,0x82,0x81,
0x80,0x7F,0x80,0x80,0x7C,0x7C,0x7C,0x7C,0x7F,0x80,0x81,0x7F,0x7C,0x7E,0x81,0x82,
0x84,0x83,0x7F,0x7C,0x80,0x7F,0x7B,0x7C,0x7F,0x7F,0x7D,0x81,0x85,0x81,0x84,0x8A,
0x85,0x80,0x7F,0x7C,0x7A,0x7B,0x7C,0x7B,0x7E,0x80,0x84,0x85,0x82,0x84,0x82,0x81,
0x80,0x81,0x84,0x80,0x7F,0x7D,0x7C,0x7C,0x7C,0x7B,0x7E,0x7F,0x81,0x81,0x80,0x82,
0x82,0x7F,0x7F,0x82,0x81,0x7F,0x7F,0x7F,0x7F,0x7E,0x7C,0x7C,0x7E,0x81,0x84,0x83,
0x7F,0x7F,0x82,0x80,0x7D,0x80,0x83,0x83,0x83,0x7E,0x7B,0x7E,0x7B,0x7C,0x7F,0x7F,
0x7E,0x7D,0x7F,0x80,0x80,0x85,0x81,0x7F,0x81,0x82,0x81,0x7A,0x7A,0x7B,0x7D,0x7F,
0x82,0x82,0x7F,0x81,0x83,0x83,0x86,0x85,0x7F,0x7D,0x7A,0x78,0x79,0x80,0x83,0x83,
0x83,0x83,0x83,0x82,0x7E,0x7E,0x80,0x80,0x7C,0x7E,0x80,0x7F,0x81,0x80,0x7C,0x7D,
0x7F,0x81,0x83,0x83,0x83,0x84,0x80,0x7C,0x7E,0x7E,0x7D,0x7E,0x81,0x80,0x80,0x80,
0x81,0x81,0x82,0x81,0x80,0x82,0x7D,0x7E,0x81,0x81,0x80,0x7F,0x7D,0x80,0x81,0x7F,
0x80,0x80,0x80,0x7F,0x7F,0x81,0x7E,0x7E,0x80,0x7D,0x7F,0x81,0x81,0x81,0x7E,0x7C,
0x7C,0x7F,0x82,0x83,0x83,0x85,0x86,0x83,0x80,0x7C,0x7B,0x7A,0x7D,0x7F,0x7F,0x7F,
0x7C,0x7C,0x7E,0x7F,0x7E,0x80,0x83,0x81,0x80,0x82,0x7F,0x7F,0x80,0x7E,0x7E,0x7D,
0x7F,0x7F,0x7E,0x7D,0x7C,0x7E,0x7D,0x7C,0x80,0x84,0x81,0x82,0x83,0x83,0x81,0x7E,
0x80,0x80,0x7D,0x7E,0x80,0x7D,0x7B,0x7C,0x7F,0x7F,0x81,0x82,0x83,0x86,0x84,0x7E,
0x7E,0x80,0x7D,0x7F,0x7F,0x7C,0x7C,0x80,0x80,0x81,0x85,0x86,0x82,0x80,0x7E,0x7F,
0x80,0x7F,0x7F,0x7F,0x81,0x80,0x80,0x7E,0x7F,0x7F,0x80,0x80,0x85,0x84,0x7F,0x83,
0x80,0x7B,0x7B,0x7F,0x80,0x7F,0x7E,0x7F,0x80,0x7F,0x7D,0x7D,0x7E,0x81,0x84,0x83,
0x7F,0x7E,0x7D,0x7A,0x7D,0x7C,0x7E,0x7D,0x7D,0x7D,0x7E,0x81,0x82,0x83,0x84,0x85,
0x82,0x80,0x7D,0x7C,0x7E,0x7C,0x7B,0x7A,0x7D,0x81,0x7F,0x80,0x81,0x80,0x82,0x84,
0x84,0x81,0x81,0x7E,0x7B,0x78,0x7B,0x81,0x81,0x82,0x84,0x82,0x82,0x82,0x82,0x81,
0x81,0x80,0x7B,0x7A,0x7D,0x7E,0x7F,0x82,0x84,0x82,0x7E,0x7C,0x7D,0x80,0x82,0x81,
0x82,0x85,0x83,0x80,0x7E,0x7D,0x7E,0x7B,0x7C,0x7F,0x7F,0x82,0x85,0x82,0x7E,0x7F,
0x7D,0x7D,0x80,0x80,0x7E,0x7F,0x81,0x7F,0x7F,0x7E,0x7B,0x7D,0x7F,0x83,0x84,0x81,
0x80,0x7F,0x80,0x80,0x80,0x7F,0x7C,0x7F,0x7B,0x7D,0x80,0x7C,0x7D,0x80,0x80,0x7E,
0x7F,0x7F,0x81,0x82,0x84,0x82,0x7E,0x7E,0x7F,0x7B,0x7C,0x7E,0x7C,0x7E,0x80,0x81,
0x81,0x82,0x84,0x85,0x81,0x7F,0x82,0x81,0x81,0x81,0x7F,0x7D,0x7C,0x7D,0x7C,0x7C,
0x80,0x82,0x84,0x84,0x82,0x84,0x81,0x7F,0x7F,0x7E,0x7E,0x7D,0x7D,0x7C,0x7F,0x84,
0x83,0x81,0x82,0x81,0x7F,0x81,0x80,0x81,0x80,0x80,0x7F,0x7F,0x80,0x7F,0x7F,0x7D,
0x7D,0x7E,0x7E,0x84,0x88,0x84,0x80,0x7F,0x7E,0x7F,0x7F,0x7C,0x7C,0x7B,0x7A,0x7D,
0x80,0x83,0x83,0x83,0x84,0x83,0x81,0x7F,0x7C,0x79,0x78,0x79,0x7B,0x7E,0x83,0x86,
0x82,0x83,0x83,0x82,0x81,0x7F,0x7E,0x7E,0x7D,0x7C,0x7B,0x7C,0x7C,0x7E,0x80,0x82,
0x82,0x81,0x82,0x83,0x82,0x81,0x80,0x82,0x80,0x7D,0x80,0x83,0x80,0x7C,0x7E,0x81,
0x7E,0x7F,0x81,0x7F,0x81,0x81,0x7E,0x7E,0x80,0x7E,0x80,0x80,0x7F,0x7E,0x7E,0x82,
0x82,0x83,0x82,0x83,0x83,0x7D,0x7D,0x7C,0x7D,0x82,0x82,0x80,0x81,0x82,0x81,0x81,
0x7D,0x7D,0x7E,0x7C,0x7F,0x81,0x81,0x81,0x85,0x84,0x81,0x7F,0x7C,0x7B,0x7B,0x7D,
0x7E,0x80,0x83,0x81,0x7F,0x80,0x7E,0x7D,0x7E,0x80,0x81,0x7F,0x7E,0x81,0x82,0x80,
0x80,0x80,0x7F,0x80,0x7F,0x7E,0x7C,0x7C,0x7C,0x7D,0x7F,0x7F,0x80,0x81,0x7F,0x80,
0x83,0x83,0x80,0x7D,0x80,0x7E,0x7C,0x7F,0x7E,0x7A,0x7D,0x7F,0x81,0x84,0x85,0x85,
0x83,0x80,0x7C,0x7B,0x7C,0x7C,0x7E,0x82,0x81,0x7E,0x80,0x81,0x81,0x82,0x81,0x7E,
0x7D,0x7C,0x7F,0x84,0x82,0x81,0x81,0x80,0x80,0x7F,0x7F,0x7D,0x80,0x81,0x7F,0x81,
0x82,0x80,0x7F,0x80,0x7F,0x7F,0x7F,0x7E,0x7C,0x7B,0x7C,0x80,0x82,0x81,0x83,0x83,
0x82,0x80,0x80,0x7F,0x7D,0x7E,0x7D,0x7B,0x7C,0x7C,0x7C,0x80,0x83,0x83,0x80,0x7E,
0x7E,0x80,0x81,0x7E,0x80,0x81,0x7F,0x7E,0x7F,0x7E,0x7C,0x7D,0x80,0x81,0x83,0x87,
0x83,0x81,0x81,0x7C,0x7A,0x7C,0x7A,0x7A,0x7D,0x80,0x7F,0x7F,0x82,0x84,0x85,0x84,
0x81,0x81,0x7F,0x7C,0x7B,0x7C,0x7C,0x7F,0x83,0x81,0x80,0x7F,0x80,0x81,0x80,0x7E,
0x80,0x81,0x83,0x83,0x85,0x83,0x7F,0x7E,0x7D,0x7D,0x7C,0x7B,0x7D,0x7E,0x81,0x85,
0x82,0x82,0x84,0x83,0x7F,0x7C,0x7E,0x7F,0x80,0x81,0x80,0x7E,0x7E,0x7F,0x7F,0x80,
0x82,0x85,0x84,0x7F,0x7E,0x7E,0x7F,0x80,0x81,0x80,0x7F,0x7E,0x7B,0x7D,0x81,0x82,
0x80,0x80,0x83,0x81,0x81,0x81,0x7F,0x7F,0x7E,0x7D,0x7E,0x7C,0x7C,0x7D,0x7D,0x80,
0x81,0x81,0x80,0x80,0x80,0x81,0x7E,0x81,0x80,0x7C,0x7D,0x7C,0x7C,0x7C,0x7E,0x7F,
0x80,0x7F,0x81,0x83,0x82,0x81,0x80,0x80,0x7F,0x81,0x80,0x7E,0x7F,0x7E,0x7F,0x7F,
0x7E,0x7F,0x81,0x81,0x7F,0x7E,0x81,0x81,0x80,0x82,0x81,0x7E,0x7E,0x7E,0x80,0x82,
0x81,0x83,0x82,0x83,0x81,0x7F,0x7E,0x7E,0x7F,0x7D,0x7D,0x81,0x83,0x82,0x83,0x82,
0x81,0x80,0x7F,0x7F,0x7D,0x7D,0x7F,0x83,0x82,0x81,0x83,0x81,0x7F,0x7F,0x7E,0x7C,
0x7C,0x7B,0x7B,0x81,0x82,0x82,0x81,0x80,0x81,0x83,0x81,0x80,0x7E,0x7F,0x7E,0x7C,
0x7D,0x7D,0x7E,0x7F,0x80,0x7E,0x7F,0x7F,0x7F,0x81,0x81,0x80,0x7E,0x7F,0x7E,0x7D,
0x7D,0x7E,0x80,0x7F,0x7E,0x80,0x84,0x82,0x80,0x7E,0x7F,0x80,0x7F,0x80,0x7E,0x7E,
0x82,0x80,0x80,0x80,0x80,0x7E,0x7F,0x81,0x7F,0x83,0x83,0x80,0x7F,0x7E,0x7E,0x80,
0x7F,0x7E,0x7E,0x7E,0x81,0x80,0x80,0x81,0x84,0x83,0x82,0x81,0x81,0x7F,0x7D,0x7E,
0x7E,0x7E,0x80,0x81,0x7F,0x80,0x82,0x81,0x81,0x7F,0x80,0x7F,0x7F,0x7F,0x7C,0x7E,
0x81,0x81,0x81,0x82,0x7E,0x7C,0x7D,0x7E,0x7E,0x80,0x83,0x81,0x82,0x83,0x81,0x7D,
0x7D,0x7D,0x7B,0x7E,0x81,0x80,0x7F,0x80,0x7E,0x7C,0x80,0x7E,0x80,0x7E,0x7D,0x7F,
0x81,0x81,0x83,0x82,0x7F,0x81,0x7E,0x7E,0x81,0x7F,0x7D,0x7C,0x7C,0x7E,0x7F,0x82,
0x85,0x82,0x81,0x83,0x83,0x81,0x7E,0x7D,0x7E,0x7E,0x7F,0x7E,0x80,0x7F,0x80,0x84,
0x82,0x83,0x83,0x82,0x7F,0x7D,0x7F,0x7E,0x7D,0x7E,0x7E,0x7D,0x7D,0x7D,0x7F,0x81,
0x83,0x81,0x80,0x7E,0x7D,0x7F,0x7E,0x7F,0x7F,0x7F,0x80,0x7E,0x7E,0x81,0x7E,0x7E,
0x80,0x7F,0x7E,0x7F,0x82,0x83,0x82,0x7F,0x7C,0x7C,0x7E,0x7D,0x80,0x80,0x80,0x80,
0x7F,0x7E,0x7D,0x7F,0x81,0x83,0x82,0x80,0x7E,0x7D,0x7D,0x7B,0x7D,0x81,0x80,0x82,
0x84,0x81,0x81,0x81,0x80,0x7E,0x7C,0x7B,0x7C,0x7E,0x7F,0x80,0x83,0x82,0x81,0x81,
0x81,0x81,0x81,0x7E,0x7E,0x82,0x81,0x81,0x81,0x82,0x7F,0x7C,0x7D,0x7D,0x80,0x82,
0x82,0x83,0x81,0x80,0x7F,0x80,0x81,0x80,0x7D,0x7B,0x7E,0x7E,0x7D,0x7E,0x80,0x80,
0x82,0x83,0x80,0x80,0x82,0x81,0x7F,0x81,0x81,0x7D,0x7C,0x7E,0x7E,0x7F,0x80,0x80,
0x80,0x7F,0x80,0x7F,0x7D,0x7D,0x80,0x81,0x82,0x82,0x80,0x80,0x80,0x7E,0x7E,0x7E,
0x7D,0x7E,0x7E,0x81,0x82,0x82,0x83,0x81,0x80,0x7F,0x80,0x7E,0x7C,0x7D,0x7E,0x7F,
0x80,0x82,0x82,0x7F,0x80,0x81,0x7F,0x7F,0x7E,0x7E,0x7F,0x7E,0x7F,0x80,0x81,0x80,
0x7E,0x7E,0x7E,0x7F,0x7E,0x7F,0x7E,0x7E,0x7E,0x7E,0x7F,0x81,0x82,0x82,0x82,0x82,
0x81,0x7F,0x7E,0x7E,0x7F,0x7D,0x7F,0x81,0x7F,0x80,0x80,0x80,0x80,0x80,0x81,0x81,
0x80,0x7E,0x7F,0x80,0x81,0x80,0x81,0x81,0x80,0x80,0x80,0x82,0x81,0x7F,0x7D,0x7C,
0x7E,0x80,0x82,0x82,0x82,0x81,0x81,0x7F,0x7E,0x7C,0x7D,0x7F,0x7E,0x7F,0x80,0x80,
0x80,0x80,0x81,0x83,0x82,0x7F,0x7E,0x7F,0x7E,0x7E,0x7D,0x7F,0x7F,0x7E,0x7E,0x7F,
0x81,0x80,0x81,0x80,0x7F,0x80,0x7F,0x7F,0x81,0x80,0x7F,0x7F,0x7E,0x7E,0x7F,0x7F,
0x80,0x80,0x7F,0x80,0x80,0x7F,0x7E,0x7F,0x80,0x80,0x81,0x83,0x81,0x7F,0x80,0x7F,
0x7F,0x80,0x7F,0x7F,0x7F,0x80,0x7F,0x7E,0x7E,0x80,0x81,0x80,0x82,0x82,0x84,0x84,
0x82,0x81,0x7F,0x7D,0x7A,0x7B,0x7D,0x7D,0x7E,0x80,0x81,0x81,0x81,0x81,0x80,0x7E,
0x7F,0x80,0x7F,0x81,0x81,0x80,0x7F,0x7E,0x7E,0x7E,0x80,0x80,0x7F,0x7E,0x7E,0x7E,
0x7F,0x80,0x81,0x81,0x81,0x7F,0x7F,0x7E,0x7D,0x7C,0x7D,0x7E,0x7F,0x7F,0x7E,0x7F,
0x7F,0x81,0x80,0x81,0x7E,0x7F,0x7E,0x7F,0x7D,0x7F,0x7E,0x7F,0x7D,0x7F,0x7E,0x80,
0x80,0x80,0x81,0x7F,0x7F,0x7C,0x82,0x7E,0x83,0x79,0x89,0x82,0x72,0x91,0x8C,0x64,
0x94,0x94,0x6F,0x61,0x7D,0x88,0x7C,0x81,0x89,0x8A,0x7E,0x95,0x61,0x72,0x4C,0x81,
0xB3,0x73,0x8D,0x90,0x77,0x9C,0x7F,0x7B,0x87,0x73,0x84,0x5E,0x81,0x91,0x72,0x8C,
0x9D,0x66,0x93,0x88,0x65,0xAB,0x6D,0x53,0x93,0x90,0x7C,0x73,0x90,0x7E,0x7D,0x78,
0x83,0x8F,0x82,0x83,0x91,0x6E,0x69,0xA6,0x43,0x9D,0x98,0x5D,0x8B,0x66,0x6A,0x77,
0xA9,0x74,0x5F,0xB8,0xB5,0x3E,0x77,0xAC,0x5F,0x68,0x86,0x73,0x6F,0x9E,0x79,0x88,
0x8E,0x78,0x85,0x63,0xA0,0x7D,0x84,0x78,0x3A,0xB2,0x6F,0x7E,0xBC,0x73,0x5A,0x89,
0x9C,0x5E,0x77,0x88,0x73,0x96,0x60,0xB0,0xA8,0x46,0x86,0x7E,0x89,0x87,0x91,0x64,
0x8B,0x9C,0x58,0x53,0xB1,0x81,0x72,0xA6,0x92,0x7E,0x7A,0x77,0x6E,0x64,0x70,0xBA,
0x3F,0x8C,0x7F,0x55,0x8C,0xA0,0x83,0x7F,0xAE,0x4D,0x7C,0xBB,0x63,0x4E,0x98,0x69,
0x76,0x84,0x85,0x92,0x8A,0x88,0x9B,0x79,0x61,0x81,0x5E,0x9F,0x87,0x5B,0xB6,0x7D,
0x8B,0x7A,0x57,0x75,0x60,0xB2,0x96,0x76,0x83,0xA4,0x6C,0x6E,0x96,0x72,0x57,0x79,
0x9E,0x6B,0x8E,0x84,0x87,0x6B,0x7E,0x8F,0x72,0x68,0x9E,0x9B,0x66,0x84,0x76,0x92,
0x74,0x7C,0x73,0x5E,0x7D,0x7F,0x9D,0x9F,0x8A,0x6E,0x7C,0x82,0x71,0x7C,0x81,0x7B,
0x8E,0x95,0x81,0x75,0x7D,0x75,0x64,0x71,0x8F,0x93,0x7B,0xA3,0x91,0x7D,0x7C,0x80,
0x77,0x75,0x82,0x71,0x7C,0x77,0x80,0x8E,0x92,0x7A,0x7D,0x89,0x83,0x74,0x83,0x7A,
0x7D,0x80,0x7F,0x95,0x78,0x84,0x84,0x80,0x7E,0x76,0x76,0x7B,0x76,0x82,0x7F,0x86,
0x8A,0x87,0x83,0x7F,0x7A,0x72,0x87,0x76,0x7F,0x82,0x7E,0x80,0x89,0x82,0x7E,0x7D,
0x81,0x7E,0x78,0x81,0x7B,0x7C,0x7E,0x7D,0x74,0x76,0x7C,0x8B,0x7A,0x88,0x8B,0x80,
0x82,0x7D,0x7A,0x7B,0x7C,0x7B,0x85,0x7F,0x80,0x75,0x81,0x7E,0x83,0x85,0x82,0x87,
0x7B,0x8B,0x85,0x85,0x8B,0x79,0x76,0x80,0x70,0x77,0x82,0x79,0x7F,0x89,0x88,0x85,
0x82,0x88,0x8A,0x7A,0x82,0x80,0x73,0x79,0x80,0x7C,0x7E,0x7F,0x87,0x87,0x7F,0x86,
0x80,0x7B,0x7E,0x81,0x85,0x81,0x7F,0x78,0x7D,0x83,0x80,0x7B,0x77,0x7B,0x83,0x7C,
0x7D,0x85,0x80,0x82,0x82,0x7F,0x82,0x83,0x79,0x81,0x75,0x73,0x7F,0x76,0x82,0x88,
0x87,0x7B,0x83,0x86,0x7B,0x7F,0x78,0x84,0x7F,0x7A,0x82,0x76,0x7F,0x7F,0x85,0x82,
0x84,0x7E,0x81,0x82,0x7B,0x8A,0x7E,0x7C,0x83,0x7B,0x7C,0x85,0x7E,0x85,0x82,0x7F,
0x81,0x84,0x81,0x80,0x7F,0x7B,0x7D,0x7F,0x7F,0x7F,0x8A,0x7C,0x80,0x89,0x87,0x7E,
0x79,0x7A,0x82,0x75,0x7F,0x85,0x7F,0x83,0x7C,0x85,0x76,0x81,0x80,0x78,0x89,0x89,
0x7D,0x82,0x7C,0x7E,0x7B,0x7A,0x7E,0x7B,0x88,0x82,0x89,0x89,0x7D,0x7C,0x80,0x71,
0x75,0x83,0x85,0x83,0x85,0x8A,0x7F,0x7C,0x85,0x80,0x78,0x82,0x73,0x7E,0x8A,0x81,
0x7E,0x83,0x80,0x88,0x7D,0x7A,0x81,0x75,0x83,0x7B,0x86,0x7E,0x7F,0x86,0x7F,0x79,
0x88,0x76,0x73,0x82,0x7A,0x7E,0x79,0x8F,0x86,0x88,0x7F,0x85,0x7D,0x78,0x84,0x86,
0x7A,0x77,0x89,0x82,0x7B,0x74,0x8E,0x7C,0x7E,0x89,0x7A,0x82,0x83,0x87,0x8A,0x7D,
0x82,0x7F,0x6D,0x72,0x76,0x87,0x81,0x8F,0x86,0x89,0x86,0x78,0x84,0x78,0x7B,0x71,
0x86,0x7A,0x7C,0x88,0x6E,0x81,0x86,0x7E,0x85,0x7F,0x88,0x81,0x7F,0x81,0x7B,0x7F,
0x7B,0x84,0x75,0x81,0x7D,0x7B,0x7A,0x7D,0x8B,0x7B,0x89,0x8B,0x83,0x79,0x85,0x80,
0x77,0x7C,0x70,0x76,0x75,0x86,0x85,0x81,0x88,0x85,0x87,0x8B,0x7F,0x79,0x79,0x7B,
0x82,0x76,0x7D,0x83,0x7F,0x7B,0x7F,0x7B,0x82,0x7F,0x7C,0x88,0x7A,0x84,0x81,0x7F,
0x8A,0x7F,0x7A,0x7E,0x84,0x75,0x7B,0x82,0x77,0x81,0x7F,0x7D,0x81,0x82,0x8C,0x88,
0x84,0x81,0x78,0x79,0x80,0x7D,0x78,0x7F,0x78,0x81,0x8B,0x7D,0x7E,0x7F,0x80,0x7D,
0x82,0x8B,0x7E,0x83,0x82,0x75,0x7C,0x7E,0x85,0x7F,0x81,0x85,0x84,0x81,0x81,0x82,
0x7C,0x84,0x7D,0x82,0x7E,0x7B,0x85,0x84,0x81,0x78,0x7B,0x7B,0x81,0x7D,0x80,0x85,
0x83,0x88,0x7D,0x7D,0x80,0x7F,0x78,0x7A,0x82,0x7F,0x7A,0x80,0x7F,0x80,0x84,0x82,
0x83,0x7D,0x7D,0x7F,0x7B,0x80,0x7C,0x80,0x85,0x7A,0x7F,0x81,0x7E,0x7D,0x80,0x80,
0x7E,0x7E,0x83,0x84,0x81,0x85,0x7B,0x7D,0x7C,0x7B,0x7A,0x7F,0x80,0x81,0x83,0x81,
0x82,0x7D,0x84,0x80,0x7E,0x7E,0x7C,0x7B,0x7D,0x84,0x81,0x7F,0x7C,0x81,0x80,0x82,
0x82,0x82,0x84,0x7C,0x84,0x7F,0x7D,0x7D,0x7C,0x83,0x7D,0x80,0x7E,0x7E,0x87,0x7F,
0x7D,0x82,0x7D,0x81,0x81,0x82,0x82,0x7D,0x82,0x80,0x7D,0x79,0x7F,0x7F,0x82,0x84,
0x80,0x7D,0x81,0x84,0x7E,0x7F,0x7E,0x83,0x7D,0x7F,0x82,0x7D,0x7E,0x79,0x7B,0x7E,
0x80,0x7E,0x81,0x85,0x80,0x7F,0x82,0x80,0x82,0x81,0x7E,0x7F,0x7C,0x7A,0x7F,0x7F,
0x7F,0x81,0x83,0x83,0x7D,0x80,0x7F,0x81,0x80,0x83,0x81,0x78,0x80,0x80,0x81,0x81,
0x82,0x80,0x83,0x80,0x77,0x7E,0x7C,0x7D,0x82,0x86,0x88,0x81,0x82,0x84,0x7B,0x7F,
0x82,0x7E,0x7D,0x7F,0x7E,0x7B,0x83,0x80,0x80,0x81,0x81,0x80,0x82,0x84,0x7C,0x81,
0x7D,0x7E,0x7E,0x80,0x80,0x7C,0x86,0x80,0x7D,0x82,0x7F,0x7D,0x7C,0x7D,0x7D,0x82,
0x7E,0x83,0x83,0x7D,0x80,0x7B,0x80,0x80,0x81,0x85,0x83,0x82,0x80,0x83,0x7B,0x7B,
0x7C,0x7B,0x7D,0x80,0x81,0x81,0x86,0x7F,0x81,0x81,0x7F,0x81,0x80,0x7F,0x7E,0x7C,
0x7C,0x7E,0x7E,0x82,0x7F,0x7E,0x83,0x83,0x80,0x81,0x82,0x80,0x80,0x7F,0x7D,0x7B,
0x7F,0x7D,0x7D,0x7E,0x7E,0x83,0x7F,0x84,0x84,0x80,0x80,0x7D,0x7D,0x80,0x83,0x80,
0x82,0x7E,0x7E,0x7E,0x7D,0x80,0x7E,0x7E,0x82,0x83,0x81,0x82,0x82,0x81,0x7E,0x7B,
0x7B,0x7C,0x7D,0x80,0x83,0x82,0x80,0x81,0x7E,0x80,0x82,0x7D,0x7E,0x7D,0x7D,0x80,
0x81,0x81,0x7F,0x82,0x7F,0x7C,0x7F,0x80,0x7F,0x7E,0x7E,0x7D,0x81,0x80,0x81,0x82,
0x81,0x80,0x7F,0x7F,0x7D,0x7E,0x7F,0x7E,0x7F,0x7F,0x7F,0x81,0x7D,0x7B,0x7D,0x7F,
0x81,0x83,0x7E,0x7F,0x81,0x81,0x81,0x7F,0x80,0x7E,0x7E,0x7F,0x7F,0x7D,0x81,0x80,
0x81,0x81,0x7E,0x7D,0x7B,0x80,0x7F,0x7F,0x82,0x82,0x7F,0x82,0x7D,0x80,0x81,0x81,
0x85,0x7D,0x7F,0x7F,0x7C,0x7E,0x7F,0x80,0x7F,0x7F,0x80,0x7F,0x7F,0x82,0x7E,0x7E,
0x7F,0x7C,0x80,0x81,0x82,0x82,0x82,0x82,0x80,0x80,0x7F,0x7E,0x7B,0x7D,0x7F,0x7F,
0x7F,0x7F,0x83,0x81,0x83,0x82,0x7F,0x81,0x7F,0x7D,0x7F,0x7F,0x7E,0x7E,0x7E,0x80,
0x81,0x81,0x80,0x7F,0x7E,0x7C,0x7E,0x7F,0x7F,0x80,0x82,0x81,0x7F,0x7E,0x7F,0x7E,
0x80,0x82,0x7F,0x80,0x7B,0x7D,0x83,0x7F,0x82,0x83,0x7E,0x7F,0x7E,0x7D,0x7D,0x7C,
0x80,0x81,0x81,0x81,0x82,0x7F,0x7F,0x84,0x7F,0x81,0x82,0x7D,0x7C,0x7E,0x7F,0x7C,
0x7F,0x80,0x82,0x83,0x82,0x83,0x80,0x80,0x82,0x7E,0x7E,0x7D,0x7D,0x7C,0x7F,0x82,
0x81,0x82,0x82,0x84,0x81,0x80,0x80,0x80,0x7E,0x80,0x7D,0x7D,0x7E,0x7E,0x7F,0x80,
0x7E,0x7E,0x7F,0x80,0x83,0x81,0x82,0x82,0x81,0x7D,0x7E,0x80,0x7D,0x7D,0x7E,0x7E,
0x7F,0x7F,0x7F,0x81,0x80,0x82,0x83,0x83,0x82,0x80,0x80,0x7F,0x7E,0x7D,0x7C,0x7E,
0x7C,0x7F,0x81,0x7F,0x83,0x80,0x7F,0x7E,0x7D,0x81,0x83,0x84,0x81,0x7F,0x7E,0x7E,
0x7E,0x80,0x7E,0x7E,0x7F,0x7F,0x80,0x7F,0x82,0x85,0x82,0x82,0x7E,0x7C,0x7E,0x7D,
0x7D,0x7D,0x81,0x81,0x7F,0x81,0x84,0x81,0x80,0x7F,0x7E,0x7F,0x7F,0x7F,0x7F,0x80,
0x81,0x80,0x7F,0x7E,0x7E,0x82,0x83,0x81,0x83,0x7F,0x7F,0x80,0x80,0x7F,0x7F,0x80,
0x7F,0x7D,0x7F,0x7E,0x80,0x82,0x82,0x82,0x80,0x80,0x7E,0x7F,0x80,0x7F,0x7C,0x7F,
0x81,0x7E,0x7F,0x80,0x80,0x80,0x7F,0x7B,0x7C,0x7E,0x80,0x82,0x80,0x81,0x81,0x80,
0x81,0x7E,0x80,0x7F,0x7E,0x7D,0x7E,0x80,0x7D,0x81,0x81,0x7E,0x80,0x80,0x80,0x82,
0x80,0x7F,0x7F,0x7E,0x7C,0x7F,0x80,0x80,0x80,0x7F,0x80,0x7F,0x81,0x81,0x81,0x81,
0x80,0x7D,0x7D,0x80,0x7D,0x7D,0x82,0x83,0x81,0x81,0x7F,0x7B,0x7C,0x7D,0x7E,0x80,
0x81,0x83,0x80,0x81,0x80,0x81,0x81,0x80,0x7F,0x7E,0x7E,0x7D,0x7D,0x7E,0x80,0x80,
0x82,0x82,0x83,0x80,0x7E,0x82,0x7F,0x7D,0x7D,0x80,0x7F,0x7F,0x80,0x80,0x7E,0x7F,
0x7E,0x80,0x80,0x80,0x81,0x80,0x80,0x81,0x81,0x80,0x7D,0x7C,0x7D,0x7F,0x80,0x80,
0x80,0x80,0x7F,0x7D,0x7F,0x7F,0x81,0x80,0x80,0x80,0x7E,0x7E,0x7E,0x80,0x80,0x7F,
0x7F,0x7F,0x82,0x81,0x7F,0x80,0x80,0x7E,0x7C,0x7D,0x7C,0x7E,0x80,0x80,0x81,0x81,
0x82,0x80,0x7F,0x81,0x81,0x7F,0x81,0x80,0x80,0x7E,0x7D,0x7E,0x81,0x82,0x7F,0x7F,
0x7F,0x7F,0x80,0x80,0x7F,0x7F,0x81,0x81,0x7F,0x80,0x81,0x7E,0x7E,0x7F,0x7D,0x7E,
0x7F,0x7F,0x80,0x80,0x7F,0x7E,0x7E,0x7D,0x7E,0x7F,0x82,0x83,0x81,0x7F,0x80,0x7F,
0x7F,0x7F,0x7F,0x7E,0x7E,0x7F,0x7E,0x81,0x81,0x80,0x7F,0x7E,0x7F,0x7E,0x7F,0x82,
0x81,0x81,0x81,0x7F,0x7E,0x7E,0x80,0x80,0x7E,0x80,0x81,0x80,0x80,0x82,0x81,0x7E,
0x7F,0x7F,0x80,0x81,0x80,0x7F,0x80,0x80,0x84,0x81,0x7F,0x7F,0x7E,0x7F,0x7F,0x7E,
0x7D,0x80,0x80,0x80,0x80,0x7E,0x7F,0x81,0x81,0x82,0x83,0x83,0x80,0x7F,0x7E,0x7D,
0x7E,0x80,0x80,0x7E,0x7C,0x7F,0x7F,0x7F,0x81,0x81,0x82,0x81,0x82,0x7F,0x7E,0x7E,
0x7D,0x7D,0x80,0x82,0x81,0x81,0x81,0x7F,0x80,0x7F,0x7E,0x7D,0x7F,0x82,0x81,0x80,
0x80,0x80,0x7F,0x81,0x80,0x7D,0x7C,0x80,0x7E,0x7D,0x81,0x81,0x7F,0x80,0x80,0x7F,
0x81,0x80,0x80,0x7E,0x80,0x7F,0x7E,0x80,0x81,0x7F,0x80,0x82,0x80,0x80,0x7F,0x7D,
0x7E,0x80,0x81,0x81,0x80,0x82,0x80,0x80,0x7F,0x80,0x80,0x7F,0x7F,0x7F,0x81,0x81,
0x80,0x80,0x80,0x7C,0x80,0x7F,0x7D,0x80,0x80,0x80,0x80,0x7F,0x7F,0x81,0x80,0x80,
0x80,0x7E,0x7D,0x7F,0x7F,0x80,0x7F,0x7E,0x7E,0x7E,0x7F,0x7F,0x7F,0x80,0x80,0x81,
0x7F,0x7D,0x7F,0x7E,0x7E,0x80,0x81,0x81,0x81,0x81,0x7E,0x7E,0x80,0x80,0x7F,0x7F,
0x7E,0x7D,0x80,0x7E,0x7F,0x80,0x81,0x80,0x80,0x81,0x80,0x7E,0x7F,0x80,0x7E,0x81,
0x82,0x7F,0x7C,0x7D,0x7E,0x7E,0x80,0x81,0x80,0x7F,0x80,0x7F,0x80,0x81,0x7C,0x7C,
0x7F,0x7F,0x81,0x82,0x83,0x80,0x7F,0x7F,0x7E,0x7E,0x7F,0x7F,0x80,0x80,0x80,0x81,
0x80,0x81,0x81,0x81,0x80,0x80,0x81,0x7F,0x80,0x7E,0x7F,0x80,0x7F,0x7F,0x80,0x80,
0x7F,0x80,0x80,0x81,0x81,0x82,0x7F,0x7F,0x80,0x7E,0x80,0x80,0x7E,0x80,0x82,0x7E,
0x7F,0x7E,0x7D,0x7E,0x80,0x7F,0x81,0x84,0x7F,0x7B,0x7D,0x7E,0x7C,0x7F,0x81,0x80,
0x82,0x82,0x81,0x81,0x80,0x80,0x7E,0x7C,0x7B,0x7E,0x7E,0x7E,0x7F,0x80,0x7E,0x7F,
0x80,0x7F,0x82,0x81,0x80,0x81,0x7E,0x7D,0x7E,0x7D,0x7E,0x7E,0x7F,0x80,0x7F,0x81,
0x7E,0x7E,0x81,0x81,0x81,0x81,0x81,0x80,0x81,0x7E,0x7F,0x81,0x7E,0x7D,0x7F,0x80,
0x82,0x84,0x80,0x7D,0x7F,0x7F,0x7F,0x7F,0x81,0x81,0x81,0x81,0x7E,0x7F,0x7E,0x7B,
0x7F,0x82,0x80,0x80,0x82,0x82,0x80,0x81,0x7F,0x7E,0x7E,0x80,0x81,0x80,0x81,0x80,
0x81,0x80,0x81,0x81,0x7F,0x81,0x81,0x7E,0x80,0x81,0x80,0x80,0x80,0x7F,0x7D,0x7D,
0x7D,0x7F,0x7E,0x80,0x82,0x82,0x82,0x80,0x7F,0x7F,0x7F,0x7E,0x7D,0x7E,0x7F,0x7E,
0x7F,0x82,0x81,0x7F,0x7F,0x80,0x7F,0x7F,0x82,0x81,0x80,0x81,0x80,0x7D,0x7C,0x7D,
0x7B,0x7C,0x7F,0x81,0x82,0x82,0x81,0x80,0x80,0x80,0x81,0x80,0x80,0x7E,0x7D,0x7C,
0x7C,0x7D,0x7F,0x81,0x82,0x83,0x81,0x81,0x80,0x82,0x7F,0x7E,0x80,0x7F,0x7D,0x81,
0x82,0x7F,0x80,0x80,0x80,0x7F,0x7F,0x7F,0x80,0x7F,0x80,0x80,0x7E,0x81,0x81,0x81,
0x82,0x83,0x80,0x7F,0x80,0x80,0x7F,0x81,0x81,0x7F,0x7E,0x7E,0x7F,0x7E,0x7D,0x7F,
0x81,0x82,0x81,0x81,0x82,0x80,0x7F,0x7F,0x7F,0x7F,0x80,0x7E,0x7E,0x7E,0x7E,0x7F,
0x80,0x80,0x80,0x7F,0x7E,0x7F,0x80,0x81,0x80,0x7F,0x7F,0x7D,0x7D,0x7E,0x7E,0x80,
0x82,0x80,0x7F,0x7F,0x7E,0x7F,0x80,0x80,0x7E,0x7F,0x81,0x80,0x80,0x80,0x7F,0x7E,
0x7F,0x80,0x80,0x82,0x83,0x80,0x7F,0x7F,0x7E,0x7E,0x7F,0x7F,0x7D,0x80,0x81,0x80,
0x80,0x81,0x81,0x80,0x82,0x7F,0x7C,0x7F,0x81,0x80,0x80,0x80,0x7F,0x7E,0x7E,0x7F,
0x7E,0x7F,0x81,0x7F,0x7E,0x82,0x81,0x7F,0x81,0x80,0x7F,0x80,0x81,0x80,0x7F,0x7E,
0x7E,0x7E,0x7F,0x7F,0x80,0x82,0x80,0x80,0x80,0x7E,0x7F,0x80,0x7E,0x7F,0x7F,0x7F,
0x7F,0x7F,0x7E,0x7E,0x81,0x80,0x80,0x81,0x7F,0x7D,0x7C,0x7E,0x7F,0x80,0x82,0x81,
0x80,0x80,0x80,0x7E,0x7E,0x7F,0x7F,0x7E,0x80,0x80,0x7F,0x7D,0x7D,0x7E,0x7E,0x81,
0x80,0x7E,0x81,0x83,0x81,0x7F,0x82,0x80,0x7E,0x7E,0x7E,0x7C,0x7F,0x80,0x7E,0x80,
0x80,0x7F,0x80,0x81,0x80,0x80,0x82,0x81,0x80,0x81,0x80,0x7D,0x7D,0x7D,0x7F,0x7F,
0x7F,0x80,0x7E,0x7E,0x7F,0x80,0x80,0x81,0x83,0x82,0x82,0x81,0x7E,0x7B,0x7D,0x7C,
0x7D,0x82,0x81,0x80,0x82,0x83,0x82,0x81,0x80,0x7E,0x7D,0x7F,0x7F,0x7F,0x80,0x80,
0x7F,0x7E,0x80,0x7F,0x7E,0x81,0x81,0x80,0x7F,0x80,0x7E,0x7F,0x7F,0x7F,0x7F,0x80,
0x81,0x7E,0x7E,0x7F,0x80,0x80,0x80,0x7F,0x80,0x80,0x7F,0x7E,0x7E,0x80,0x7F,0x81,
0x82,0x7F,0x80,0x81,0x81,0x81,0x81,0x80,0x7D,0x7B,0x7D,0x80,0x80,0x80,0x81,0x82,
0x80,0x81,0x82,0x7F,0x80,0x7F,0x7E,0x7E,0x80,0x7F,0x7F,0x80,0x7F,0x7F,0x7F,0x82,
0x81,0x80,0x7F,0x7F,0x7F,0x80,0x7E,0x7E,0x80,0x80,0x80,0x81,0x81,0x7F,0x7F,0x81,
0x81,0x80,0x80,0x7F,0x7C,0x7E,0x81,0x80,0x80,0x81,0x80,0x7D,0x7E,0x7F,0x7F,0x81,
0x81,0x81,0x7F,0x80,0x81,0x80,0x7F,0x81,0x7F,0x7E,0x7F,0x7E,0x7E,0x7F,0x80,0x7F,
0x81,0x80,0x7F,0x80,0x81,0x81,0x81,0x81,0x81,0x7F,0x7E,0x7E,0x7D,0x7E,0x7E,0x7F,
0x82,0x84,0x83,0x80,0x7F,0x7E,0x7D,0x7F,0x82,0x82,0x81,0x81,0x80,0x7E,0x7D,0x7E,
0x7F,0x7E,0x80,0x80,0x7D,0x7C,0x80,0x80,0x7F,0x82,0x82,0x80,0x81,0x81,0x7F,0x7D,
0x80,0x7F,0x7D,0x80,0x80,0x7D,0x7E,0x81,0x7F,0x80,0x81,0x81,0x80,0x81,0x81,0x7F,
0x81,0x80,0x7B,0x7E,0x7F,0x7D,0x7F,0x80,0x80,0x7E,0x81,0x82,0x80,0x80,0x82,0x80,
0x7F,0x7F,0x7E,0x7E,0x7F,0x80,0x7F,0x7F,0x81,0x7F,0x7D,0x7F,0x7F,0x7F,0x7F,0x81,
0x82,0x7F,0x7F,0x82,0x80,0x7E,0x7F,0x7E,0x7D,0x7F,0x7E,0x7E,0x7F,0x7F,0x7E,0x7E,
0x80,0x80,0x80,0x81,0x80,0x7F,0x81,0x81,0x7F,0x7F,0x7F,0x7E,0x7F,0x7F,0x7F,0x7E,
0x7F,0x7F,0x7E,0x7F,0x81,0x82,0x82,0x83,0x7F,0x7D,0x7E,0x7E,0x7D,0x7E,0x80,0x7F,
0x7E,0x80,0x80,0x7F,0x81,0x82,0x81,0x80,0x80,0x80,0x7E,0x7F,0x7E,0x7E,0x7F,0x7F,
0x81,0x82,0x82,0x81,0x80,0x80,0x7D,0x7E,0x7D,0x7E,0x80,0x81,0x83,0x81,0x80,0x80,
0x7F,0x7E,0x7D,0x7E,0x7D,0x7D,0x80,0x80,0x80,0x80,0x82,0x81,0x7F,0x80,0x81,0x7F,
0x7E,0x7E,0x7E,0x80,0x80,0x7F,0x7E,0x7F,0x7F,0x7E,0x7F,0x81,0x7F,0x7F,0x7F,0x7F,
0x80,0x80,0x80,0x81,0x81,0x81,0x7F,0x7F,0x7F,0x7F,0x7E,0x7F,0x7F,0x81,0x81,0x81,
0x80,0x80,0x7F,0x7E,0x7E,0x7F,0x7F,0x7D,0x7F,0x80,0x80,0x7F,0x82,0x82,0x80,0x82,
0x80,0x7F,0x7F,0x7D,0x7A,0x7A,0x7E,0x80,0x82,0x82,0x81,0x7F,0x80,0x81,0x81,0x80,
0x80,0x80,0x7E,0x7E,0x7F,0x7E,0x7F,0x80,0x7F,0x7F,0x7F,0x7F,0x80,0x81,0x83,0x81,
0x80,0x7F,0x7E,0x7F,0x80,0x80,0x7F,0x80,0x81,0x80,0x80,0x82,0x81,0x81,0x82,0x7F,
0x7D,0x7F,0x80,0x80,0x81,0x80,0x7E,0x80,0x81,0x80,0x7F,0x80,0x80,0x80,0x80,0x80,
0x80,0x7E,0x7E,0x80,0x81,0x81,0x81,0x80,0x7F,0x7E,0x7F,0x7F,0x7E,0x7E,0x7F,0x80,
0x81,0x82,0x82,0x82,0x80,0x7F,0x7E,0x7D,0x7C,0x7D,0x7E,0x80,0x81,0x80,0x80,0x80,
0x80,0x80,0x7F,0x80,0x81,0x80,0x80,0x80,0x7F,0x7E,0x7E,0x7F,0x7E,0x7E,0x7E,0x7E,
0x80,0x7F,0x81,0x81,0x82,0x83,0x82,0x81,0x80,0x7F,0x7F,0x7F,0x7E,0x7F,0x80,0x80,
0x80,0x80,0x7F,0x7F,0x80,0x81,0x81,0x7F,0x7F,0x7E,0x7D,0x7F,0x7F,0x7E,0x7F,0x80,
0x81,0x80,0x81,0x80,0x7F,0x7F,0x80,0x80,0x7F,0x80,0x7F,0x7F,0x7F,0x7F,0x7F,0x80,
0x80,0x7E,0x7F,0x7F,0x7F,0x7F,0x7F,0x80,0x80,0x80,0x81,0x81,0x80,0x7F,0x7F,0x7E,
0x7F,0x80,0x80,0x80,0x80,0x80,0x80,0x80,0x7F,0x7F,0x7F,0x7F,0x7F,0x7F,0x80,0x80,
0x80,0x80,0x81,0x80,0x7F,0x7F,0x7F,0x7F,0x80,0x80,0x7F,0x7F,0x7F,0x7D,0x7E,0x7F,
0x7E,0x7E,0x7F,0x81,0x82,0x81,0x81,0x80,0x80,0x7F,0x7F,0x7F,0x80,0x7F,0x7F,0x7F,
0x7F,0x7F,0x7F,0x7F,0x7F,0x7F,0x7F,0x80,0x80,0x7F,0x80,0x80,0x80,0x80,0x7F,0x7F,
0x80,0x7F,0x7D,0x7E,0x7E,0x7F,0x80,0x81,0x81,0x80,0x80,0x80,0x7F,0x7F,0x7F,0x7E,
0x7E,0x7F,0x80,0x81,0x81,0x80,0x80,0x80,0x80,0x80,0x7F,0x7F,0x7F,0x7E,0x7E,0x7F,
0x80,0x81,0x82,0x81,0x80,0x7F,0x7E,0x7F,0x80,0x81,0x81,0x81,0x7F,0x7E,0x7D,0x7D,
0x7C,0x7E,0x80,0x7F,0x80,0x80,0x82,0x80,0x80,0x7A,0x80,0x80,0x7C,0x80,0x84,0x80,
0x7E,0x81,0x7C,0x7E,0x7E,0x7E,0x7C,0x80,0x80,0x7F,0x80,0x80,0x81,0x7F,0x82,0x80,
0x7E,0x7D,0x7F,0x7E,0x7D,0x80,0x80,0x81,0x82,0x80,0x81,0x82,0x80,0x7F,0x7E,0x7D,
0x80,0x7C,0x7F,0x7F,0x7F,0x82,0x81,0x80,0x80,0x82,0x7E,0x7D,0x80,0x7E,0x7E,0x81,
0x80,0x80,0x7F,0x7E,0x7F,0x7F,0x80,0x80,0x81,0x83,0x80,0x80,0x83,0x83,0x81,0x7E,
0x80,0x7F,0x7D,0x7E,0x7D,0x7D,0x82,0x82,0x80,0x80,0x81,0x80,0x7E,0x7F,0x7E,0x7F,
0x81,0x7E,0x7F,0x81,0x80,0x81,0x80,0x81,0x7F,0x7F,0x80,0x81,0x7F,0x7F,0x81,0x7E,
0x7E,0x80,0x7F,0x7F,0x80,0x82,0x7F,0x7E,0x82,0x80,0x7F,0x80,0x7F,0x7F,0x81,0x7F,
0x80,0x7E,0x7F,0x80,0x7F,0x7E,0x7E,0x80,0x7E,0x7F,0x7E,0x7F,0x81,0x82,0x83,0x82,
0x81,0x80,0x7F,0x80,0x7D,0x7D,0x7D,0x7E,0x80,0x7E,0x80,0x81,0x80,0x81,0x81,0x80,
0x81,0x80,0x7F,0x7F,0x7F,0x7F,0x7F,0x80,0x81,0x80,0x80,0x7E,0x7F,0x80,0x7F,0x80,
0x80,0x80,0x80,0x82,0x83,0x81,0x7F,0x80,0x7F,0x7E,0x7F,0x7F,0x80,0x81,0x81,0x81,
0x7F,0x7F,0x7F,0x7F,0x7F,0x80,0x7E,0x7E,0x82,0x80,0x80,0x80,0x7F,0x80,0x80,0x81,
0x7E,0x7D,0x7F,0x7F,0x7F,0x81,0x81,0x7E,0x7E,0x7F,0x7E,0x80,0x83,0x81,0x7F,0x80,
0x80,0x7D,0x7D,0x7F,0x7F,0x7F,0x81,0x80,0x80,0x81,0x81,0x83,0x81,0x7F,0x80,0x7F,
0x7C,0x7E,0x7F,0x81,0x81,0x7E,0x80,0x80,0x80,0x80,0x7F,0x7F,0x7F,0x7F,0x7F,0x80,
0x81,0x7F,0x7E,0x7F,0x7E,0x7E,0x80,0x80,0x81,0x7F,0x80,0x81,0x7D,0x7F,0x80,0x7E,
0x7F,0x81,0x7F,0x7F,0x7F,0x7F,0x7E,0x7F,0x81,0x80,0x80,0x81,0x7F,0x7E,0x7E,0x7F,
0x7F,0x80,0x7E,0x7F,0x7F,0x7F,0x81,0x82,0x82,0x82,0x81,0x7F,0x80,0x7F,0x7E,0x7E,
0x80,0x7E,0x80,0x81,0x7F,0x7F,0x82,0x82,0x7F,0x80,0x7F,0x7D,0x7F,0x81,0x80,0x7F,
0x80,0x7F,0x7E,0x80,0x80,0x7E,0x7F,0x7F,0x7E,0x80,0x81,0x7F,0x80,0x80,0x7F,0x7F,
0x7F,0x7F,0x7E,0x7F,0x80,0x7F,0x7F,0x7E,0x81,0x81,0x80,0x81,0x80,0x7F,0x7F,0x7F,
0x7E,0x7F,0x7E,0x7F,0x80,0x80,0x7F,0x7F,0x80,0x7F,0x80,0x81,0x82,0x81,0x81,0x7F,
0x7D,0x7C,0x7D,0x7E,0x7E,0x7F,0x7F,0x81,0x83,0x81,0x80,0x80,0x81,0x7F,0x80,0x80,
0x7E,0x7E,0x7D,0x7E,0x7F,0x80,0x80,0x7F,0x80,0x80,0x80,0x7F,0x7F,0x7F,0x7F,0x80,
0x80,0x81,0x80,0x7F,0x7F,0x7E,0x7E,0x7F,0x7F,0x7F,0x7F,0x7F,0x80,0x80,0x80,0x7F,
0x80,0x80,0x80,0x80,0x80,0x80,0x80,0x7F,0x7F,0x7F,0x7F,0x80,0x80,0x80,0x80,0x81,
0x80,0x7F,0x7E,0x7D,0x7E,0x7E,0x7F,0x80,0x81,0x81,0x80,0x7F,0x80,0x7F,0x7F,0x80,
0x7F,0x7F,0x7F,0x7F,0x7F,0x80,0x80,0x7F,0x7F,0x80,0x80,0x80,0x7F,0x7F,0x80,0x80,
0x81,0x81,0x80,0x80,0x7F,0x7E,0x7D,0x7F,0x81,0x81,0x82,0x81,0x80,0x7F,0x7F,0x7F,
0x80,0x80,0x80,0x80,0x80,0x80,0x80,0x80,0x7F,0x7F,0x80,0x7E,0x7E,0x80,0x80,0x7E,
0x7F,0x81,0x81,0x80,0x81,0x81,0x80,0x7F,0x7F,0x7E,0x7E,0x80,0x80,0x81,0x82,0x81,
0x80,0x80,0x80,0x7F,0x7F,0x7F,0x7F,0x7F,0x7F,0x7F,0x80,0x80,0x7F,0x80,0x80,0x80,
0x80,0x80,0x80,0x80,0x7F,0x7E,0x7E,0x7E,0x7F,0x80,0x7F,0x80,0x80,0x80,0x80,0x80,
0x80,0x80,0x7F,0x80,0x80,0x7F,0x7F,0x7F,0x80,0x81,0x80,0x7F,0x7E,0x7E,0x80,0x80,
0x81,0x81,0x80,0x80,0x7F,0x7F,0x7F,0x7F,0x80,0x80,0x7F,0x7E,0x7F,0x80,0x80,0x80,
0x80,0x7F,0x80,0x80,0x7F,0x7F,0x80,0x81,0x81,0x80,0x7F,0x80,0x7F,0x7E,0x7F,0x7F,
0x7E,0x80,0x80,0x7F,0x80,0x81,0x80,0x7F,0x80,0x80,0x7F,0x80,0x7E,0x7E,0x7F,0x7F,
0x81,0x80,0x80,0x7F,0x7F,0x7F,0x80,0x81,0x80,0x7F,0x80,0x80,0x7F,0x7F,0x80,0x80,
0x7F,0x7F,0x7F,0x7F,0x80,0x7F,0x7F,0x80,0x80,0x80,0x80,0x80,0x80,0x7F,0x7F,0x7E,
0x7F,0x7F,0x80,0x80,0x7F,0x7F,0x7F,0x7F,0x7F,0x7F,0x80,0x80,0x81,0x81,0x80,0x7E,
0x7F,0x7E,0x7D,0x7D,0x7F,0x80,0x81,0x80,0x7F,0x81,0x80,0x81,0x80,0x7F,0x7F,0x7E,
0x7F,0x80,0x7F,0x7F,0x80,0x80,0x7F,0x7F,0x7E,0x7F,0x80,0x7F,0x80,0x80,0x80,0x80,
0x7F,0x7E,0x7D,0x7F,0x80,0x7E,0x81,0x81,0x7F,0x80,0x80,0x7F,0x80,0x80,0x7F,0x7F,
0x7E,0x7F,0x7F,0x7E,0x7F,0x7E,0x7F,0x81,0x81,0x80,0x81,0x80,0x7E,0x7E,0x7F,0x80,
0x80,0x80,0x81,0x80,0x7E,0x7D,0x7D,0x7D,0x80,0x81,0x82,0x81,0x80,0x80,0x80,0x80,
0x7F,0x7E,0x7E,0x7D,0x7D,0x7F,0x80,0x7F,0x80,0x80,0x80,0x80,0x81,0x80,0x7F,0x7F,
0x7F,0x7F,0x80,0x80,0x7F,0x7F,0x7F,0x7E,0x7F,0x82,0x80,0x7F,0x80,0x80,0x7F,0x7F,
0x81,0x7F,0x7F,0x80,0x7F,0x7F,0x80,0x7F,0x7F,0x7F,0x80,0x7F,0x80,0x80,0x7F,0x80,
0x80,0x80,0x7F,0x7F,0x80,0x81,0x80,0x7F,0x7F,0x7F,0x7F,0x7F,0x7F,0x80,0x81,0x80,
0x7F,0x80,0x80,0x7F,0x7F,0x7F,0x7F,0x7F,0x7F,0x80,0x80,0x81,0x81,0x80,0x80,0x7E,
0x7E,0x7F,0x80,0x80,0x80,0x80,0x80,0x7F,0x80,0x80,0x80,0x81,0x80,0x7F,0x80,0x80,
0x7F,0x7F,0x7F,0x7F,0x7F,0x7F,0x80,0x80,0x7F,0x7F,0x80,0x80,0x80,0x7F,0x80,0x80,
0x7F,0x80,0x7F,0x7F,0x80,0x80,0x7F,0x7F,0x80,0x80,0x7F,0x7F,0x7F,0x7F,0x80,0x7F,
0x80,0x80,0x7F,0x80,0x7F,0x7F,0x80,0x80,0x7F,0x80,0x80,0x80,0x7F,0x7E,0x7F,0x7E,
0x7F,0x80,0x80,0x80,0x80,0x80,0x80,0x80,0x7F,0x7F,0x80,0x80,0x81,0x81,0x80,0x7F,
0x7E,0x7E,0x7E,0x7F,0x80,0x80,0x81,0x81,0x80,0x80,0x7F,0x7F,0x7E,0x7E,0x7F,0x7F,
0x80,0x81,0x81,0x81,0x81,0x80,0x80,0x7F,0x7F,0x7F,0x7F,0x7E,0x7F,0x7F,0x7E,0x7F,
0x7F,0x80,0x80,0x80,0x82,0x81,0x7F,0x80,0x80,0x7F,0x80,0x80,0x7F,0x7E,0x7E,0x7E,
0x7F,0x80,0x80,0x81,0x81,0x80,0x7F,0x7F,0x7F,0x80,0x81,0x81,0x80,0x7F,0x7E,0x7E,
0x7D,0x7E,0x7F,0x80,0x81,0x82,0x81,0x82,0x81,0x80,0x7F,0x7F,0x7E,0x7E,0x7E,0x7F,
0x80,0x81,0x81,0x80,0x7F,0x80,0x80,0x7E,0x80,0x7F,0x80,0x80,0x81,0x80,0x7F,0x80,
0x80,0x7E,0x7E,0x7F,0x7F,0x7F,0x7F,0x7F,0x7F,0x80,0x80,0x7F,0x7F,0x7E,0x7E,0x7F,
0x7F,0x7F,0x7F,0x80,0x7F,0x80,0x80,0x7F,0x7F,0x7E,0x7E,0x7E,0x7F,0x80,0x80,0x80,
0x80,0x80,0x80,0x80,0x80,0x80,0x7F,0x7F,0x7E,0x7E,0x7F,0x7F,0x7F,0x80,0x81,0x81,
0x80,0x80,0x80,0x7E,0x7F,0x7F,0x7E,0x7E,0x7F,0x7E,0x80,0x81,0x80,0x80,0x81,0x81,
0x80,0x80,0x7F,0x7E,0x7F,0x7E,0x7E,0x7F,0x80,0x80,0x82,0x82,0x81,0x80,0x7E,0x7E,
0x7F,0x7F,0x80,0x80,0x81,0x80,0x7D,0x7E,0x7E,0x7F,0x80,0x80,0x80,0x7F,0x80,0x81,
0x80,0x80,0x80,0x7F,0x7F,0x7F,0x7F,0x7F,0x7E,0x7F,0x80,0x80,0x81,0x81,0x80,0x7F,
0x80,0x80,0x7E,0x7F,0x80,0x7F,0x7F,0x80,0x81,0x80,0x80,0x81,0x80,0x7F,0x7F,0x7F,
0x7F,0x80,0x7F,0x7F,0x80,0x7F,0x7F,0x80,0x7F,0x80,0x80,0x7F,0x7F,0x80,0x81,0x80,
0x80,0x7F,0x7E,0x7E,0x7F,0x7E,0x7F,0x7F,0x7F,0x80,0x80,0x7F,0x80,0x7F,0x7E,0x7F,
0x7F,0x7F,0x80,0x80,0x81,0x81,0x80,0x7F,0x7F,0x7F,0x7F,0x7E,0x7F,0x7F,0x80,0x80,
0x7F,0x80,0x81,0x81,0x81,0x80,0x7F,0x7F,0x7F,0x80,0x80,0x80,0x7F,0x7E,0x7F,0x7F,
0x7F,0x81,0x81,0x80,0x80,0x80,0x80,0x7E,0x7E,0x7F,0x80,0x80,0x80,0x80,0x7F,0x80,
0x80,0x7F,0x81,0x80,0x80,0x7F,0x7E,0x7F,0x7E,0x80,0x80,0x80,0x80,0x7F,0x7F,0x80,
0x7F,0x7F,0x7F,0x80,0x7F,0x7F,0x80,0x80,0x81,0x80,0x7E,0x7F,0x7F,0x7F,0x80,0x80,
0x80,0x80,0x7F,0x7F,0x7F,0x7F,0x7F,0x80,0x80,0x7F,0x80,0x80,0x80,0x80,0x80,0x7F,
0x7F,0x7F,0x7E,0x7E,0x80,0x80,0x80,0x80,0x7F,0x80,0x80,0x7F,0x7F,0x80,0x80,0x7F,
0x7F,0x80,0x7F,0x7F,0x80,0x7F,0x80,0x80,0x80,0x80,0x7F,0x7F,0x7F,0x7F,0x80,0x80,
0x80,0x80,0x81,0x80,0x80,0x80,0x80,0x80,0x80,0x7F,0x7F,0x7E,0x7D,0x7E,0x7F,0x7F,
0x7F,0x80,0x81,0x80,0x80,0x80,0x7F,0x7F,0x80,0x80,0x80,0x80,0x80,0x7F,0x7F,0x7E,
0x7E,0x7E,0x7E,0x7E,0x80,0x82,0x81,0x81,0x81,0x81,0x80,0x7E,0x7F,0x7E,0x7D,0x7E,
0x7F,0x7F,0x80,0x80,0x81,0x80,0x80,0x80,0x7F,0x80,0x7F,0x7E,0x7F,0x80,0x7F,0x80,
0x81,0x7F,0x7E,0x7F,0x7F,0x7E,0x80,0x81,0x80,0x81,0x80,0x81,0x81,0x80,0x7F,0x7F,
0x7F,0x7E,0x7E,0x7E,0x7F,0x7F,0x80,0x80,0x81,0x81,0x80,0x80,0x80,0x7F,0x7F,0x7F,
0x80,0x80,0x80,0x80,0x80,0x7F,0x7E,0x7E,0x7F,0x7F,0x80,0x81,0x80,0x80,0x80,0x7E,
0x7F,0x7E,0x7F,0x7E,0x7F,0x7F,0x7F,0x81,0x81,0x81,0x81,0x81,0x7F,0x7F,0x7E,0x7E,
0x7F,0x7F,0x7F,0x7F,0x7F,0x80,0x80,0x7F,0x80,0x80,0x7F,0x80,0x80,0x7F,0x80,0x7F,
0x7F,0x7E,0x7F,0x81,0x7F,0x80,0x80,0x7F,0x80,0x80,0x80,0x7F,0x80,0x7F,0x7E,0x7E,
0x80,0x80,0x80,0x80,0x80,0x80,0x7F,0x7F,0x7F,0x7F,0x80,0x7F,0x80,0x80,0x7F,0x80,
0x80,0x7F,0x7F,0x7E,0x7E,0x7F,0x7F,0x7F,0x80,0x81,0x80,0x80,0x7F,0x7F,0x80,0x7F,
0x7F,0x7F,0x7F,0x7F,0x7F,0x7F,0x7F,0x80,0x80,0x80,0x7F,0x7F,0x7F,0x7F,0x7F,0x80,
0x81,0x80,0x7F,0x80,0x7F,0x80,0x80,0x7F,0x7F,0x7F,0x7F,0x7F,0x7F,0x80,0x81,0x80,
0x80,0x80,0x7F,0x7F,0x80,0x7F,0x7F,0x7F,0x7F,0x80,0x80,0x80,0x7F,0x7F,0x81,0x81,
0x80,0x80,0x80,0x7F,0x80,0x80,0x7F,0x7F,0x7F,0x7F,0x7E,0x7E,0x7F,0x80,0x81,0x80,
0x80,0x81,0x80,0x7F,0x80,0x7F,0x7F,0x7F,0x7F,0x7F,0x80,0x81,0x80,0x80,0x80,0x80,
0x7E,0x7F,0x80,0x80,0x7F,0x80,0x80,0x80,0x7F,0x80,0x80,0x7F,0x80,0x80,0x7F,0x7F,
0x80,0x7F,0x7F,0x7F,0x7F,0x7F,0x80,0x7F,0x80,0x80,0x7F,0x80,0x80,0x7F,0x80,0x80,
0x80,0x80,0x80,0x80,0x7F,0x7E,0x7E,0x7E,0x7E,0x80,0x81,0x81,0x80,0x80,0x80,0x7F,
0x7F,0x7F,0x7F,0x80,0x80,0x7F,0x7F,0x7F,0x7F,0x7F,0x80,0x80,0x80,0x80,0x80,0x80,
0x80,0x7F,0x7F,0x80,0x80,0x7F,0x80,0x81,0x80,0x7F,0x80,0x80,0x7F,0x80,0x80,0x7E,
0x7F,0x7F,0x7E,0x7F,0x80,0x7F,0x80,0x80,0x7F,0x80,0x80,0x80,0x7F,0x80,0x7F,0x80,
0x80,0x7F,0x80,0x7F,0x7F,0x80,0x80,0x7F,0x80,0x80,0x7F,0x7F,0x7F,0x7F,0x7F,0x7F,
0x7F,0x80,0x80,0x80,0x81,0x81,0x80,0x7F,0x7F,0x7F,0x7E,0x7F,0x80,0x7F,0x80,0x80,
0x7F,0x80,0x80,0x7F,0x7F,0x80,0x80,0x7F,0x80,0x81,0x81,0x80,0x80,0x7F,0x7E,0x7E,
0x7E,0x7F,0x80,0x80,0x80,0x80,0x80,0x7F,0x7F,0x80,0x7F,0x7F,0x80,0x80,0x80,0x7F,
0x80,0x7F,0x7E,0x7E,0x7E,0x7F,0x80,0x80,0x7F,0x81,0x81,0x80,0x80,0x80,0x7F,0x7E,
0x7E,0x7E,0x7F,0x80,0x80,0x7F,0x7F,0x80,0x80,0x80,0x80,0x7F,0x7F,0x7E,0x7F,0x80,
0x80,0x80,0x7F,0x7F,0x7F,0x7F,0x80,0x7F,0x80,0x80,0x7F,0x80,0x7F,0x7F,0x7F,0x7F,
0x80,0x81,0x81,0x80,0x7F,0x7E,0x7D,0x7E,0x80,0x7F,0x80,0x81,0x80,0x7F,0x80,0x7F,
0x7F,0x7F,0x7F,0x7F,0x80,0x80,0x7E,0x80,0x80,0x7F,0x7F,0x80,0x7F,0x80,0x81,0x7F,
0x7F,0x80,0x7F,0x7F,0x80,0x80,0x7F,0x80,0x7F,0x7F,0x80,0x81,0x80,0x7F,0x80,0x7F,
0x7F,0x7F,0x7E,0x7F,0x7F,0x80,0x80,0x7F,0x81,0x81,0x80,0x80,0x7F,0x7F,0x7F,0x7F,
0x80,0x80,0x80,0x80,0x81,0x80,0x7F,0x7F,0x7F,0x81,0x80,0x7F,0x80,0x80,0x80,0x81,
0x80,0x80,0x7F,0x80,0x7F,0x7F,0x7F,0x7E,0x80,0x80,0x80,0x82,0x81,0x80,0x80,0x7F,
0x7E,0x7D,0x7E,0x7F,0x80,0x81,0x80,0x7F,0x80,0x7F,0x80,0x80,0x7F,0x80,0x80,0x7F,
0x7F,0x7F,0x7F,0x80,0x7F,0x7E,0x7F,0x7F,0x7F,0x7E,0x81,0x82,0x7F,0x7F,0x80,0x80,
0x80,0x80,0x7F,0x80,0x80,0x80,0x7F,0x7F,0x7E,0x7F,0x7F,0x7F,0x80,0x81,0x81,0x80,
0x80,0x80,0x7F,0x7F,0x80,0x7F,0x7F,0x80,0x80,0x7F,0x80,0x80,0x7F,0x80,0x80,0x81,
0x80,0x80,0x7F,0x7F,0x7F,0x7F,0x7F,0x7F,0x80,0x80,0x80,0x81,0x7F,0x7E,0x7F,0x7F,
0x7E,0x7E,0x80,0x80,0x80,0x80,0x7F,0x7F,0x7F,0x7F,0x7F,0x7F,0x80,0x80,0x80,0x80,
0x80,0x80,0x80,0x7F,0x7F,0x7E,0x7F,0x80,0x7F,0x80,0x81,0x80,0x7F,0x7F,0x7F,0x7F,
0x80,0x7F,0x7F,0x81,0x80,0x7F,0x81,0x80,0x80,0x80,0x80,0x7F,0x7F,0x7F,0x7F,0x80,
0x80,0x80,0x80,0x80,0x80,0x80,0x80,0x80,0x7F,0x80,0x80,0x7F,0x80,0x80,0x7F,0x80,
0x7F,0x7F,0x80,0x7F,0x80,0x80,0x80,0x80,0x7F,0x80,0x7F,0x7F,0x7F,0x7F,0x80,0x80,
0x80,0x80,0x80,0x80,0x7F,0x7E,0x80,0x80,0x7F,0x7E,0x7F,0x7F,0x7F,0x80,0x80,0x80,
0x80,0x80,0x7F,0x80,0x7F,0x7F,0x80,0x80,0x7F,0x7F,0x7F,0x7F,0x7F,0x7F,0x7F,0x80,
0x80,0x7F,0x80,0x80,0x80,0x80,0x81,0x80,0x7F,0x80,0x7F,0x7F,0x7F,0x7F,0x7F,0x7F,
0x7F,0x7F,0x80,0x80,0x80,0x80,0x80,0x7F,0x80,0x7F,0x7E,0x80,0x80,0x7F,0x7F,0x80,
0x7F,0x7F,0x80,0x80,0x7F,0x7F,0x81,0x7F,0x80,0x80,0x80,0x7F,0x80,0x80,0x7E,0x7F,
0x80,0x7F,0x7F,0x80,0x7F,0x7F,0x80,0x80,0x7F,0x7F,0x7F,0x7F,0x7F,0x80,0x80,0x80,
0x7F,0x80,0x7F,0x80,0x81,0x81,0x80,0x7F,0x7F,0x80,0x7F,0x7F,0x80,0x80,0x7F,0x7F,
0x81,0x80,0x7F,0x7F,0x80,0x80,0x80,0x80,0x80,0x7F,0x7F,0x7F,0x7F,0x80,0x80,0x81,
0x80,0x7F,0x7F,0x7F,0x7F,0x7F,0x80,0x80,0x80,0x7F,0x7F,0x7F,0x80,0x7F,0x7F,0x80,
0x80,0x80,0x7F,0x81,0x80,0x7F,0x80,0x7F,0x7F,0x80,0x7F,0x80,0x81,0x80,0x7F,0x7F,
0x7F,0x80,0x80,0x80,0x7F,0x7F,0x7F,0x7E,0x7F,0x7F,0x7F,0x80,0x81,0x80,0x80,0x7F,
0x7F,0x80,0x80,0x80,0x7F,0x80,0x7F,0x7F,0x7F,0x7F,0x7F,0x7F,0x80,0x80,0x7F,0x80,
0x80,0x7F,0x80,0x7F,0x7F,0x7F,0x7F,0x7F,0x80,0x7F,0x80,0x80,0x80,0x80,0x7F,0x7F,
0x7F,0x80,0x80,0x80,0x80,0x80,0x7F,0x7E,0x7F,0x7F,0x80,0x80,0x80,0x81,0x7F,0x7F,
0x80,0x80,0x80,0x7F,0x7F,0x7F,0x7F,0x7F,0x80,0x7F,0x7F,0x7F,0x7F,0x7F,0x80,0x81,
0x80,0x80,0x80,0x7F,0x80,0x7F,0x80,0x7F,0x7F,0x7F,0x7F,0x7E,0x7F,0x80,0x7F,0x80,
0x80,0x80,0x80,0x80,0x80,0x80,0x80,0x80,0x7F,0x7F,0x7F,0x80,0x80,0x80,0x80,0x80,
0x80,0x80,0x80,0x80,0x80,0x80,0x80,0x80,0x80,0x80,0x80,0x80,0x7F,0x7F,0x7F,0x80,
0x7F,0x7F,0x7F,0x7E,0x7F,0x80,0x80,0x81,0x80,0x80,0x80,0x7F,0x7F,0x7F,0x7F,0x7F,
0x80,0x80,0x7F,0x7F,0x7F,0x7F,0x7F,0x80,0x80,0x80,0x80,0x80,0x81,0x80,0x7F,0x7F,
0x7F,0x7E,0x7F,0x7F,0x7F,0x7F,0x80,0x7F,0x7F,0x80,0x7F,0x80,0x7F,0x7F,0x7F,0x80,
0x7F,0x80,0x80,0x7F,0x7E,0x7F,0x7F,0x80,0x81,0x7F,0x7F,0x80,0x80,0x7F,0x7F,0x80,
0x80,0x7F,0x7F,0x7F,0x80,0x7F,0x7F,0x80,0x80,0x80,0x80,0x80,0x80,0x80,0x80,0x7F,
0x7F,0x80,0x7F,0x7F,0x7F,0x80,0x80,0x80,0x80,0x7F,0x7F,0x7F,0x80,0x7F,0x80,0x80,
0x80,0x80,0x80,0x80,0x7F,0x7F,0x7F,0x7F,0x80,0x80,0x7F,0x80,0x80,0x80,0x81,0x80,
0x80,0x80,0x80,0x7E,0x7F,0x7F,0x7F,0x80,0x80,0x7F,0x7F,0x80,0x7F,0x7F,0x80,0x80,
0x80,0x7F,0x80,0x7F,0x7F,0x7F,0x7F,0x80,0x80,0x7F,0x80,0x80,0x7F,0x7F,0x80,0x7F,
0x7E,0x80,0x80,0x80,0x80,0x80,0x7F,0x7F,0x80,0x7F,0x80,0x80,0x80,0x80,0x7F,0x80,
0x7F,0x7F,0x80,0x80,0x7F,0x7F,0x80,0x80,0x7F,0x7F,0x80,0x7F,0x80,0x7F,0x7F,0x80,
0x80,0x80,0x80,0x7F,0x80,0x7F,0x7F,0x80,0x80,0x7F,0x7F,0x7F,0x7F,0x7F,0x81,0x81,
0x80,0x81,0x80,0x80,0x7F,0x80,0x80,0x7F,0x7E,0x7F,0x7E,0x7F,0x7F,0x7F,0x7F,0x7F,
0x80,0x7F,0x7F,0x7F,0x7F,0x7F,0x7F,0x80,0x81,0x80,0x80,0x80,0x80,0x7F,0x7F,0x7F,
0x80,0x80,0x80,0x80,0x80,0x80,0x7F,0x80,0x7F,0x7F,0x80,0x80,0x80,0x80,0x80,0x7F,
0x7F,0x7F,0x7F,0x7F,0x80,0x80,0x7F,0x80,0x80,0x7D,0x7F,0x7F,0x7F,0x80,0x7F,0x7F,
0x7F,0x7F,0x7F,0x80,0x80,0x7F,0x7F,0x80,0x80,0x7F,0x7F,0x7F,0x7F,0x80,0x80,0x80,
0x80,0x80,0x7F,0x7F,0x80,0x80,0x7F,0x80,0x7F,0x7F,0x7F,0x80,0x7F,0x7F,0x80,0x7F,
0x7F,0x7F,0x7F,0x7F,0x7F,0x7F,0x7F,0x80,0x7F,0x7F,0x80,0x7F,0x7F,0x80,0x80,0x7F,
0x7F,0x80,0x7F,0x80,0x80,0x7E,0x7F,0x80,0x80,0x80,0x80,0x80,0x7F,0x80,0x7F,0x7F,
0x80,0x80,0x7F,0x80,0x80,0x7F,0x80,0x7F,0x7F,0x80,0x80,0x7F,0x80,0x80,0x80,0x80,
0x7F,0x7F,0x80,0x81,0x80,0x80,0x80,0x80,0x7F,0x80,0x80,0x80,0x80,0x80,0x80,0x7F,
0x80,0x80,0x80,0x80,0x81,0x80,0x7F,0x80,0x7F,0x7F,0x80,0x80,0x7E,0x7F,0x7F,0x80,
0x80,0x7F,0x7F,0x7F,0x7F,0x7F,0x80,0x80,0x80,0x80,0x80,0x80,0x80,0x80,0x80,0x7F,
0x80,0x7F,0x80,0x80,0x80,0x7F,0x7F,0x7F,0x7F,0x80,0x80,0x81,0x81,0x81,0x81,0x81,
0x80,0x81,0x80,0x81,0x80,0x80,0x80,0x80,0x81,0x81,0x81,0x81,0x81,0x81,0x81,0x81,
0x7F,0x7E,0x7D,0x7A,0x7D,0x7F,0x7F,0x74,0x72,0x7D,0x81,0x79,0x7F,0x7F,0x95,0xA4,
0xA2,0xAC,0x8E,0x77,0x55,0x52,0x5F,0x7E,0xAA,0x95,0x76,0x86,0x9F,0xA4,0xA1,0x9E,
0x9B,0x7F,0x6B,0x48,0x34,0x3C,0x51,0x63,0x72,0x8D,0x9C,0x98,0x97,0x94,0x77,0x56,
0x41,0x3B,0x46,0x57,0x60,0x60,0x61,0x64,0x57,0x5D,0x71,0x7B,0x90,0xA6,0xC4,0xBF,
0xB9,0xC8,0xB2,0xBB,0xB0,0xB6,0xBD,0x9C,0x98,0x6E,0x57,0x55,0x61,0x5C,0x53,0x71,
0x7A,0x69,0x74,0x8B,0x8E,0x96,0x97,0x8C,0x7C,0x8F,0x95,0x91,0x95,0x8E,0x8B,0x94,
0x9D,0xB5,0xBD,0xB0,0xB0,0xAC,0xA7,0xB5,0xC7,0xB6,0xA6,0xB2,0xB0,0xAD,0xB0,0x9D,
0xA3,0x90,0x8D,0x8A,0x81,0x85,0x76,0x6A,0x5C,0x55,0x45,0x4E,0x58,0x5D,0x4D,0x3B,
0x3D,0x4B,0x57,0x52,0x59,0x53,0x49,0x46,0x3A,0x38,0x41,0x43,0x56,0x57,0x38,0x45,
0x4E,0x48,0x48,0x4D,0x4C,0x4A,0x56,0x51,0x6D,0x6D,0x5F,0x6B,0x66,0x6F,0x67,0x63,
0x60,0x5E,0x72,0x6F,0x5D,0x66,0x74,0x72,0x6E,0x72,0x84,0x8D,0x8A,0x7E,0x80,0x7F,
0x82,0x84,0x76,0x80,0x8A,0x96,0x99,0xAF,0xB5,0xAA,0xC4,0xBD,0xC0,0xC7,0xBB,0xCC,
0xD1,0xC4,0xD0,0xD7,0xD6,0xC8,0xBB,0xCB,0xD2,0xD6,0xD4,0xDA,0xD3,0xC6,0xC1,0xBA,
0xBD,0xC0,0xC5,0xB9,0xC0,0xBD,0xBD,0xB6,0xB1,0xBB,0xAF,0xAD,0xB5,0xAC,0x9C,0xA8,
0x9A,0x9A,0x99,0x91,0x96,0x90,0x84,0x8B,0x8D,0x8D,0x94,0x7A,0x74,0x7C,0x68,0x5E,
0x69,0x5E,0x69,0x66,0x6A,0x6F,0x5E,0x5E,0x5D,0x40,0x42,0x45,0x2B,0x3C,0x48,0x38,
0x31,0x43,0x38,0x37,0x39,0x29,0x20,0x26,0x30,0x2E,0x28,0x2A,0x26,0x19,0x1D,0x26,
0x2A,0x2B,0x25,0x1D,0x1B,0x1B,0x18,0x1B,0x31,0x2E,0x26,0x22,0x25,0x2A,0x29,0x34,
0x38,0x2C,0x35,0x3A,0x37,0x44,0x4C,0x53,0x55,0x57,0x55,0x5C,0x5D,0x5D,0x5B,0x62,
0x70,0x82,0x7E,0x7C,0x89,0x84,0x87,0x8E,0x9A,0x9D,0xA7,0xA2,0xAC,0xB6,0xAF,0xB4,
0xC2,0xC7,0xBF,0xC1,0xC0,0xC5,0xCE,0xCC,0xD2,0xD3,0xD0,0xDA,0xD7,0xDA,0xD9,0xD8,
0xDC,0xDE,0xDA,0xE1,0xE8,0xE6,0xE2,0xE2,0xE9,0xE7,0xE8,0xE7,0xE7,0xE2,0xDD,0xD8,
0xD5,0xCE,0xD3,0xD4,0xD6,0xDD,0xD5,0xD2,0xCF,0xC8,0xC7,0xC9,0xC5,0xBF,0xB7,0xB4,
0xAD,0xAF,0xA7,0xA5,0xB2,0xA9,0x9B,0x98,0x9B,0x9A,0x90,0x98,0x95,0x90,0x89,0x8A,
0x87,0x78,0x7A,0x74,0x62,0x5F,0x64,0x5D,0x65,0x69,0x5E,0x50,0x53,0x4E,0x45,0x43,
0x41,0x45,0x47,0x48,0x45,0x4C,0x43,0x3B,0x36,0x29,0x26,0x24,0x24,0x2B,0x2D,0x32,
0x31,0x2C,0x27,0x29,0x27,0x23,0x2C,0x32,0x30,0x27,0x21,0x25,0x34,0x35,0x33,0x2E,
0x28,0x2B,0x33,0x36,0x2E,0x2F,0x31,0x39,0x39,0x3F,0x49,0x40,0x46,0x47,0x49,0x5F,
0x60,0x5B,0x64,0x5F,0x51,0x60,0x67,0x5A,0x5F,0x69,0x73,0x6F,0x6B,0x7E,0x85,0x85,
0x81,0x7F,0x8A,0x8B,0x8D,0x93,0x9A,0xA6,0xA9,0xA8,0xAC,0xB4,0xAF,0xAF,0xB5,0xB6,
0xC2,0xC7,0xC4,0xC5,0xC7,0xC4,0xCB,0xCF,0xC9,0xD0,0xD3,0xCE,0xCE,0xC9,0xCD,0xCA,
0xC5,0xD0,0xD7,0xD6,0xD6,0xD3,0xDA,0xD3,0xCD,0xD1,0xD3,0xD4,0xCB,0xD0,0xCF,0xD2,
0xD5,0xD3,0xD3,0xD6,0xD0,0xC9,0xC8,0xCA,0xCD,0xCE,0xCA,0xC6,0xC4,0xBB,0xBC,0xB4,
0xAD,0xB2,0xB6,0xAF,0xAD,0xA6,0xA6,0xA7,0xA1,0x9D,0xA4,0xA0,0x95,0x92,0x93,0x95,
0x90,0x90,0x8C,0x91,0x8F,0x88,0x8A,0x85,0x7E,0x83,0x7C,0x78,0x77,0x76,0x75,0x67,
0x68,0x6A,0x64,0x5C,0x63,0x69,0x60,0x52,0x57,0x53,0x58,0x61,0x5B,0x53,0x52,0x4E,
0x4B,0x4E,0x49,0x4C,0x49,0x4E,0x49,0x3D,0x3C,0x3B,0x40,0x42,0x39,0x3C,0x40,0x44,
0x45,0x43,0x3A,0x38,0x3D,0x33,0x33,0x35,0x3E,0x3A,0x3B,0x3B,0x3D,0x3D,0x36,0x35,
0x2F,0x31,0x35,0x35,0x29,0x2B,0x38,0x3C,0x33,0x2F,0x2D,0x2D,0x32,0x35,0x39,0x30,
0x2A,0x2E,0x22,0x21,0x2D,0x39,0x38,0x36,0x3E,0x37,0x32,0x38,0x3C,0x3F,0x39,0x3C,
0x40,0x3B,0x37,0x3E,0x46,0x46,0x4D,0x4A,0x3F,0x43,0x4A,0x48,0x48,0x4D,0x60,0x66,
0x5A,0x5E,0x63,0x5E,0x54,0x57,0x60,0x60,0x62,0x67,0x66,0x6A,0x6F,0x6C,0x6A,0x6F,
0x7B,0x7C,0x7B,0x82,0x84,0x80,0x85,0x87,0x84,0x8F,0x90,0x93,0x93,0x96,0x9B,0x97,
0x9D,0xA5,0xA1,0x9E,0xA0,0xA0,0xA8,0xAC,0xA8,0x9D,0x9F,0xA4,0xB1,0xB1,0xAB,0xB7,
0xB5,0xB4,0xB4,0xB6,0xB5,0xB4,0xBB,0xBD,0xBF,0xC5,0xBD,0xC0,0xCD,0xC9,0xC6,0xCA,
0xC9,0xC9,0xCC,0xCD,0xCA,0xCC,0xCE,0xC9,0xCE,0xDC,0xDF,0xDB,0xE4,0xE0,0xDC,0xD7,
0xD2,0xD1,0xD2,0xD0,0xCF,0xD6,0xDF,0xE2,0xD4,0xD0,0xD5,0xD6,0xD6,0xD7,0xD1,0xCF,
0xD6,0xD2,0xCF,0xD2,0xD0,0xD0,0xD1,0xD3,0xD4,0xCF,0xCC,0xCF,0xD0,0xD2,0xD0,0xCD,
0xCB,0xBF,0xBC,0xBD,0xBF,0xBB,0xBC,0xBB,0xB7,0xB6,0xAD,0xB0,0xB1,0xB5,0xB6,0xAA,
0xAC,0xB6,0xAF,0xA6,0xA6,0xA9,0xA1,0x9A,0xA2,0xA5,0xA1,0x9F,0x9F,0x9D,0x9C,0x99,
0x9F,0x9E,0x9A,0x9F,0x9E,0x99,0x96,0x8C,0x91,0x99,0x91,0x8F,0x91,0x99,0x96,0x93,
0x95,0x90,0x8A,0x8D,0x88,0x82,0x82,0x84,0x86,0x87,0x86,0x87,0x7E,0x73,0x82,0x7F,
0x80,0x86,0x7F,0x77,0x7A,0x81,0x82,0x74,0x73,0x7A,0x70,0x72,0x79,0x75,0x6E,0x6C,
0x69,0x6D,0x66,0x6D,0x6E,0x63,0x66,0x62,0x5F,0x5A,0x56,0x55,0x51,0x53,0x58,0x57,
0x50,0x54,0x4C,0x3E,0x3F,0x47,0x55,0x44,0x37,0x41,0x3D,0x3D,0x3D,0x3B,0x35,0x33,
0x3B,0x3B,0x30,0x2C,0x3A,0x30,0x27,0x28,0x24,0x29,0x2D,0x2C,0x26,0x2A,0x24,0x1F,
0x1A,0x21,0x1E,0x1F,0x29,0x24,0x26,0x29,0x28,0x24,0x22,0x1C,0x20,0x21,0x23,0x1B,
0x20,0x25,0x21,0x26,0x27,0x2C,0x29,0x26,0x28,0x2A,0x23,0x23,0x25,0x21,0x21,0x26,
0x26,0x29,0x30,0x30,0x2A,0x28,0x27,0x2D,0x32,0x34,0x3E,0x3D,0x3D,0x34,0x2F,0x2D,
0x2B,0x37,0x39,0x3C,0x3B,0x3F,0x3E,0x3D,0x3B,0x3D,0x42,0x3E,0x3F,0x40,0x49,0x51,
0x48,0x3E,0x41,0x47,0x4A,0x50,0x52,0x53,0x52,0x54,0x51,0x51,0x58,0x5E,0x6B,0x60,
0x5F,0x63,0x66,0x6F,0x68,0x6A,0x6B,0x71,0x71,0x6C,0x73,0x81,0x83,0x82,0x82,0x7A,
0x7C,0x83,0x85,0x88,0x90,0x8D,0x84,0x8A,0x96,0x8E,0x8A,0x97,0x9A,0x9B,0x99,0x99,
0xA3,0xA1,0x97,0x9C,0xA6,0xA7,0xAA,0xA7,0xAA,0xAF,0xA9,0xA9,0xAE,0xB7,0xB4,0xB1,
0xB6,0xBD,0xBD,0xBA,0xBB,0xC1,0xBF,0xB9,0xC1,0xC4,0xC6,0xC3,0xC2,0xC3,0xC6,0xC4,
0xC7,0xD0,0xD4,0xD7,0xD2,0xCF,0xCF,0xD9,0xDB,0xD1,0xD8,0xDB,0xDA,0xD5,0xDC,0xE9,
0xE1,0xDD,0xEA,0xE5,0xDF,0xE0,0xE0,0xE3,0xDF,0xE3,0xE7,0xE7,0xE6,0xEC,0xE8,0xED,
0xF1,0xFA,0xFD,0xF2,0xF4,0xEF,0xF1,0xE9,0xEE,0xF2,0xE8,0xE9,0xEF,0xED,0xEB,0xF1,
0xEB,0xE2,0xE7,0xE9,0xF4,0xFA,0xF1,0xF4,0xF5,0xEB,0xE6,0xE1,0xE0,0xEE,0xE8,0xDF,
0xE6,0xF1,0xE8,0xDF,0xE0,0xDC,0xE2,0xDE,0xDC,0xDF,0xDA,0xD4,0xD1,0xD7,0xD5,0xD2,
0xD4,0xD4,0xCD,0xC6,0xCB,0xC4,0xC3,0xC4,0xBB,0xB7,0xB5,0xB8,0xB5,0xB0,0xB8,0xB7,
0xA9,0xA9,0xA6,0xA1,0x99,0x97,0x94,0x90,0x8E,0x8A,0x8E,0x92,0x93,0x8E,0x8C,0x89,
0x85,0x82,0x81,0x83,0x7E,0x7C,0x7A,0x77,0x75,0x73,0x71,0x70,0x6B,0x68,0x6A,0x6A,
0x6C,0x6D,0x6A,0x65,0x62,0x5A,0x56,0x5C,0x5F,0x5E,0x55,0x4E,0x56,0x53,0x4E,0x50,
0x4C,0x4E,0x4E,0x45,0x44,0x4B,0x45,0x45,0x46,0x40,0x40,0x41,0x3D,0x37,0x37,0x37,
0x37,0x34,0x2F,0x30,0x34,0x32,0x2A,0x27,0x2B,0x2A,0x1E,0x22,0x21,0x1F,0x1F,0x1B,
0x1D,0x1B,0x1A,0x18,0x17,0x16,0x1B,0x1C,0x1A,0x1B,0x1C,0x12,0x12,0x1B,0x15,0x13,
0x12,0x09,0x0D,0x15,0x1D,0x14,0x0B,0x10,0x0A,0x11,0x18,0x1F,0x1B,0x19,0x16,0x11,
0x17,0x0D,0x0A,0x0D,0x12,0x16,0x12,0x13,0x0E,0x09,0x11,0x16,0x1C,0x1A,0x16,0x17,
0x18,0x1E,0x18,0x15,0x11,0x12,0x13,0x18,0x1F,0x1C,0x1A,0x1D,0x1F,0x21,0x27,0x23,
0x1F,0x18,0x1E,0x25,0x23,0x24,0x25,0x27,0x2B,0x30,0x30,0x2E,0x31,0x35,0x36,0x3D,
0x3F,0x3C,0x39,0x3C,0x40,0x41,0x40,0x44,0x46,0x49,0x4B,0x50,0x51,0x55,0x5E,0x64,
0x63,0x63,0x67,0x68,0x68,0x69,0x6D,0x6A,0x70,0x6D,0x74,0x81,0x7C,0x81,0x83,0x7B,
0x83,0x85,0x89,0x8A,0x88,0x93,0x94,0x96,0x95,0x95,0x95,0x9B,0x9A,0x98,0x9D,0xA4,
0x9F,0x9F,0xA9,0xAB,0xA9,0xAC,0xAC,0xAD,0xB1,0xB0,0xB3,0xAF,0xB4,0xB7,0xB6,0xB8,
0xB8,0xBA,0xBC,0xBE,0xC3,0xC5,0xC1,0xC0,0xC6,0xC3,0xBF,0xC5,0xC8,0xC6,0xC7,0xC6,
0xC6,0xC4,0xC5,0xCA,0xCA,0xC9,0xC9,0xC7,0xCB,0xD3,0xCD,0xCB,0xCC,0xCF,0xC7,0xCA,
0xD3,0xD0,0xCE,0xD0,0xD1,0xD5,0xD4,0xD1,0xD2,0xCE,0xD3,0xD4,0xDA,0xDA,0xD4,0xD4,
0xD4,0xD2,0xD3,0xD8,0xD8,0xD1,0xD7,0xD8,0xD4,0xDC,0xD7,0xD4,0xD1,0xCD,0xD7,0xE0,
0xE2,0xDF,0xDA,0xD8,0xDA,0xD9,0xDB,0xDA,0xD8,0xDB,0xDA,0xD8,0xD5,0xDC,0xE3,0xDE,
0xD9,0xD3,0xD3,0xD9,0xDA,0xD9,0xD9,0xDD,0xDC,0xD6,0xD8,0xDC,0xD3,0xD0,0xD1,0xCE,
0xD1,0xD0,0xD2,0xD3,0xD5,0xD2,0xCF,0xCC,0xC9,0xC5,0xC9,0xCA,0xC7,0xC8,0xBE,0xBD,
0xC0,0xC0,0xB9,0xB9,0xBF,0xB9,0xB3,0xB8,0xB6,0xB6,0xB6,0xB8,0xB6,0xAD,0xAC,0xAB,
0xAC,0xAB,0xAB,0xA6,0xA8,0xAB,0xA5,0xA0,0xA1,0xA5,0xA3,0x9C,0x90,0x91,0x94,0x95,
0x97,0x94,0x92,0x90,0x8E,0x8E,0x8A,0x8B,0x89,0x85,0x83,0x84,0x82,0x7A,0x7F,0x7E,
0x76,0x76,0x78,0x76,0x76,0x74,0x72,0x70,0x6B,0x69,0x6C,0x6A,0x68,0x65,0x64,0x63,
0x60,0x62,0x5D,0x59,0x5A,0x57,0x51,0x51,0x56,0x50,0x4A,0x50,0x4F,0x49,0x4A,0x47,
0x40,0x3E,0x42,0x45,0x44,0x46,0x48,0x43,0x3F,0x41,0x41,0x3D,0x39,0x39,0x36,0x37,
0x36,0x34,0x37,0x35,0x37,0x39,0x38,0x39,0x37,0x32,0x36,0x35,0x30,0x2F,0x32,0x32,
0x31,0x34,0x32,0x31,0x30,0x2F,0x32,0x32,0x2F,0x31,0x32,0x31,0x30,0x30,0x32,0x2D,
0x2A,0x2E,0x33,0x36,0x33,0x32,0x32,0x2D,0x2B,0x32,0x2F,0x30,0x34,0x31,0x31,0x31,
0x34,0x32,0x36,0x36,0x34,0x33,0x34,0x3B,0x38,0x33,0x36,0x36,0x33,0x33,0x31,0x30,
0x37,0x3B,0x36,0x39,0x39,0x37,0x36,0x36,0x39,0x3D,0x3B,0x3D,0x3C,0x3D,0x3F,0x3A,
0x3A,0x41,0x3F,0x3A,0x3E,0x40,0x42,0x44,0x43,0x3F,0x40,0x43,0x46,0x43,0x47,0x4A,
0x45,0x48,0x4B,0x47,0x4B,0x4D,0x4B,0x4D,0x4D,0x4B,0x4D,0x4F,0x4D,0x50,0x53,0x56,
0x5A,0x59,0x55,0x59,0x59,0x5A,0x5B,0x5D,0x5D,0x5E,0x5F,0x60,0x64,0x65,0x66,0x64,
0x65,0x68,0x69,0x6B,0x6F,0x6E,0x72,0x73,0x72,0x74,0x75,0x75,0x79,0x79,0x7A,0x7D,
0x7F,0x83,0x87,0x85,0x84,0x86,0x86,0x8A,0x8B,0x8B,0x8C,0x8E,0x8E,0x96,0x95,0x94,
0x92,0x95,0x99,0x98,0x98,0x9A,0x9D,0x9D,0xA0,0xA4,0xA2,0xA1,0xA5,0xA6,0xA7,0xAA,
0xAC,0xAA,0xA9,0xA8,0xAA,0xAD,0xAF,0xB1,0xB0,0xAF,0xB3,0xB3,0xB2,0xB6,0xB6,0xB8,
0xB8,0xB9,0xB9,0xBA,0xBA,0xBA,0xBA,0xBC,0xBD,0xBC,0xBC,0xBF,0xC1,0xBE,0xBF,0xC2,
0xC2,0xC2,0xC6,0xC4,0xC2,0xC3,0xC3,0xC2,0xC5,0xC4,0xC2,0xC2,0xC6,0xC4,0xC2,0xC6,
0xC6,0xC4,0xC4,0xC5,0xC5,0xC7,0xC6,0xC6,0xC6,0xC8,0xC5,0xC5,0xC5,0xC6,0xC5,0xC5,
0xC8,0xC8,0xC8,0xC6,0xC6,0xC6,0xC7,0xC6,0xC6,0xC4,0xC5,0xC4,0xC2,0xC2,0xC4,0xC5,
0xC2,0xC3,0xC4,0xC5,0xC3,0xC1,0xC1,0xC0,0xBD,0xC0,0xBF,0xBC,0xBD,0xBD,0xBD,0xBB,
0xBB,0xBC,0xBC,0xBB,0xBB,0xBB,0xB9,0xB8,0xB8,0xB7,0xB8,0xB5,0xB5,0xB4,0xB4,0xB3,
0xB1,0xB0,0xB0,0xB0,0xB1,0xAF,0xAF,0xAF,0xAE,0xAC,0xAC,0xAC,0xAB,0xAA,0xA9,0xA7,
0xA6,0xA8,0xA7,0xA5,0xA4,0xA3,0xA1,0xA2,0xA1,0xA0,0xA1,0x9F,0x9D,0x9C,0x9C,0x9B,
0x9B,0x99,0x99,0x96,0x97,0x97,0x95,0x94,0x93,0x93,0x92,0x93,0x93,0x91,0x8F,0x8E,
0x8D,0x8C,0x8C,0x89,0x88,0x89,0x89,0x88,0x88,0x88,0x86,0x85,0x85,0x84,0x83,0x84,
0x81,0x82,0x80,0x7F,0x7E,0x7D,0x7D,0x7C,0x7C,0x7A,0x79,0x79,0x78,0x77,0x76,0x76,
0x75,0x74,0x73,0x72,0x71,0x70,0x6F,0x6E,0x6D,0x6E,0x6E,0x6C,0x6C,0x6B,0x6B,0x6B,
0x6A,0x68,0x67,0x67,0x65,0x64,0x63,0x62,0x61,0x61,0x61,0x60,0x61,0x60,0x5D,0x5E,
0x5E,0x5C,0x5C,0x5C,0x5B,0x5A,0x59,0x59,0x58,0x58,0x58,0x56,0x56,0x55,0x55,0x55,
0x55,0x55,0x55,0x53,0x52,0x53,0x53,0x53,0x52,0x52,0x52,0x51,0x50,0x51,0x50,0x50,
0x50,0x51,0x52,0x50,0x51,0x50,0x4F,0x50,0x50,0x50,0x4F,0x4F,0x50,0x4F,0x4F,0x50,
0x50,0x4F,0x4F,0x50,0x4F,0x50,0x50,0x4F,0x4E,0x4F,0x4F,0x4E,0x4E,0x4F,0x4F,0x4F,
0x4F,0x4F,0x4F,0x4F,0x4E,0x50,0x51,0x50,0x50,0x50,0x50,0x50,0x50,0x50,0x50,0x50,
0x50,0x52,0x52,0x52,0x51,0x52,0x54,0x53,0x53,0x54,0x53,0x52,0x52,0x53,0x54,0x56,
0x56,0x55,0x55,0x55,0x56,0x57,0x58,0x57,0x57,0x58,0x59,0x58,0x58,0x59,0x5A,0x5B,
0x5B,0x5B,0x5C,0x5D,0x5C,0x5D,0x5F,0x5F,0x5F,0x5F,0x60,0x60,0x61,0x62,0x62,0x63,
0x63,0x63,0x63,0x64,0x66,0x66,0x66,0x67,0x67,0x68,0x68,0x68,0x69,0x69,0x6A,0x6C,
0x6C,0x6D,0x6D,0x6E,0x6E,0x6E,0x6F,0x6F,0x70,0x71,0x72,0x71,0x72,0x73,0x74,0x73,
0x73,0x75,0x75,0x75,0x75,0x76,0x77,0x77,0x78,0x78,0x78,0x79,0x79,0x79,0x7B,0x7B,
0x7B,0x7A,0x7B,0x7C,0x7C,0x7D,0x7E,0x7D,0x7D,0x7E,0x7E,0x7D,0x7F,0x80,0x80,0x80,
0x80,0x80,0x80,0x81,0x81,0x81,0x82,0x82,0x83,0x83,0x83,0x83,0x83,0x84,0x85,0x85,
0x85,0x85,0x84,0x85,0x86,0x86,0x87,0x88,0x88,0x87,0x88,0x89,0x89,0x89,0x89,0x8A,
0x89,0x8A,0x8B,0x8B,0x8B,0x8C,0x8D,0x8C,0x8C,0x8D,0x8E,0x8D,0x8E,0x8E,0x8E,0x8F,
0x90,0x90,0x90,0x90,0x90,0x90,0x91,0x91,0x91,0x92,0x92,0x91,0x91,0x92,0x92,0x92,
0x93,0x92,0x92,0x93,0x92,0x93,0x93,0x93,0x94,0x94,0x94,0x95,0x96,0x96,0x96,0x95,
0x95,0x96,0x96,0x96,0x97,0x96,0x96,0x97,0x97,0x97,0x98,0x97,0x97,0x98,0x98,0x98,
0x99,0x99,0x9A,0x99,0x98,0x99,0x98,0x98,0x98,0x99,0x99,0x98,0x98,0x98,0x98,0x99,
0x98,0x98,0x98,0x98,0x98,0x98,0x97,0x97,0x98,0x98,0x97,0x97,0x97,0x98,0x98,0x97,
0x97,0x97,0x98,0x96,0x96,0x96,0x96,0x95,0x96,0x96,0x97,0x96,0x96,0x96,0x97,0x97,
0x96,0x96,0x96,0x96,0x97,0x97,0x96,0x97,0x96,0x96,0x96,0x96,0x96,0x96,0x96,0x96,
0x96,0x96,0x96,0x96,0x95,0x96,0x97,0x96,0x96,0x96,0x95,0x95,0x96,0x96,0x96,0x94,
0x94,0x95,0x94,0x95,0x95,0x95,0x95,0x94,0x94,0x94,0x94,0x94,0x94,0x94,0x93,0x94,
0x94,0x94,0x93,0x93,0x93,0x92,0x93,0x93,0x92,0x93,0x93,0x93,0x93,0x93,0x93,0x92,
0x92,0x92,0x91,0x91,0x92,0x91,0x90,0x91,0x91,0x91,0x91,0x91,0x90,0x90,0x91,0x90,
0x90,0x90,0x90,0x90,0x90,0x90,0x8F,0x8E,0x8F,0x8F,0x8F,0x8F,0x8E,0x8E,0x8E,0x8E,
0x8E,0x8E,0x8E,0x8D,0x8D,0x8D,0x8D,0x8C,0x8C,0x8C,0x8C,0x8C,0x8B,0x8B,0x8C,0x8B,
0x8B,0x8B,0x8A,0x8B,0x8B,0x8B,0x8B,0x8A,0x8A,0x8A,0x8A,0x8A,0x89,0x89,0x89,0x88,
0x88,0x89,0x88,0x88,0x88,0x87,0x87,0x88,0x87,0x86,0x86,0x86,0x85,0x86,0x87,0x86,
0x85,0x85,0x85,0x85,0x85,0x85,0x85,0x84,0x83,0x82,0x83,0x83,0x82,0x82,0x82,0x82,
0x81,0x81,0x80,0x80,0x80,0x80,0x7F,0x7F,0x7F,0x7F,0x7F,0x7E,0x7E,0x7E,0x7E,0x7C,
0x7C,0x7C,0x7C,0x7C,0x7C,0x7C,0x7B,0x7B,0x7B,0x7B,0x7A,0x7B,0x7A,0x7A,0x7B,0x7A,
0x79,0x79,0x78,0x78,0x78,0x78,0x78,0x78,0x77,0x77,0x78,0x77,0x77,0x77,0x76,0x75,
0x75,0x76,0x75,0x75,0x75,0x74,0x74,0x74,0x74,0x73,0x73,0x74,0x73,0x73,0x72,0x72,
0x72,0x72,0x72,0x72,0x72,0x71,0x71,0x70,0x70,0x70,0x70,0x70,0x6F,0x6F,0x6F,0x6F,
0x6F,0x6E,0x6D,0x6D,0x6D,0x6D,0x6D,0x6D,0x6C,0x6C,0x6C,0x6C,0x6C,0x6C,0x6B,0x6B,
0x6B,0x6B,0x6B,0x6B,0x6A,0x6A,0x6A,0x6A,0x6A,0x6A,0x6A,0x6A,0x6A,0x6A,0x6A,0x6A,
0x69,0x69,0x69,0x69,0x69,0x69,0x69,0x69,0x69,0x69,0x68,0x68,0x68,0x68,0x68,0x68,
0x69,0x68,0x68,0x68,0x68,0x68,0x67,0x68,0x68,0x68,0x68,0x68,0x68,0x68,0x68,0x67,
0x67,0x67,0x67,0x67,0x67,0x68,0x68,0x67,0x67,0x67,0x67,0x67,0x68,0x68,0x67,0x68,
0x67,0x67,0x67,0x68,0x67,0x67,0x68,0x67,0x67,0x67,0x68,0x68,0x68,0x68,0x68,0x68,
0x68,0x69,0x69,0x69,0x69,0x69,0x69,0x69,0x69,0x6A,0x69,0x6A,0x6A,0x6A,0x6A,0x6A,
0x6A,0x6A,0x6A,0x6B,0x6B,0x6B,0x6C,0x6B,0x6C,0x6C,0x6C,0x6C,0x6D,0x6D,0x6D,0x6D,
0x6E,0x6E,0x6E,0x6E,0x6E,0x6E,0x6F,0x70,0x70,0x70,0x70,0x70,0x70,0x70,0x71,0x71,
0x71,0x71,0x72,0x73,0x72,0x73,0x74,0x74,0x74,0x74,0x74,0x75,0x75,0x75,0x75,0x76,
0x75,0x76,0x76,0x76,0x77,0x77,0x78,0x78,0x78,0x78,0x79,0x79,0x78,0x78,0x79,0x7A,
0x7A,0x7B,0x7B,0x7B,0x7A,0x7C,0x7C,0x7C,0x7D,0x7C,0x7D,0x7D,0x7C,0x7E,0x7F,0x7F,
0x7F,0x7F,0x7F,0x80,0x80,0x80,0x81,0x81,0x82,0x82,0x82,0x83,0x83,0x84,0x84,0x85,
0x85,0x85,0x86,0x86,0x86,0x86,0x86,0x86,0x86,0x86,0x86,0x87,0x87,0x88,0x87,0x88,
0x88,0x88,0x89,0x8A,0x89,0x88,0x89,0x8A,0x89,0x89,0x8A,0x89,0x8A,0x89,0x87,0x89,
0x8B,0x89,0x88,0x8B,0x8E,0x8D,0x8F,0x90,0x8D,0x8D,0x8D,0x8D,0x8E,0x8E,0x8E,0x8E,
0x90,0x90,0x8F,0x8F,0x91,0x91,0x90,0x91,0x8F,0x90,0x8F,0x8E,0x8E,0x8E,0x8E,0x8E,
0x8E,0x8F,0x91,0x93,0x92,0x94,0x95,0x94,0x94,0x92,0x91,0x92,0x92,0x90,0x92,0x91,
0x91,0x92,0x91,0x91,0x93,0x92,0x93,0x93,0x95,0x95,0x92,0x91,0x8C,0x8C,0x88,0x86,
0x8D,0x94,0x97,0xA5,0xB1,0x9C,0x90,0xA0,0xA6,0x9D,0x85,0x79,0x76,0x81,0x86,0x8D,
0x9E,0xA1,0x9F,0x99,0x9D,0xA0,0x9F,0xA4,0xA4,0xA3,0xA4,0x8E,0x88,0x93,0x8C,0x7D,
0x8E,0x9D,0x9C,0xA3,0x9B,0x94,0x94,0x90,0x91,0x8B,0x86,0x89,0x89,0x8A,0x90,0x93,
0x99,0xAC,0xB1,0xAC,0xAE,0xA6,0x98,0x8B,0x7C,0x75,0x7B,0x80,0x88,0x95,0x95,0x91,
0x96,0x9D,0x9A,0x98,0x96,0x92,0x8F,0x87,0x85,0x88,0x87,0x87,0x84,0x87,0x8D,0x92,
0x9F,0x9E,0x9E,0x9C,0x95,0x8F,0x92,0x8B,0x82,0x83,0x80,0x7C,0x84,0x92,0x95,0xA1,
0xA4,0xA2,0x9A,0x99,0x95,0x90,0x8D,0x88,0x7E,0x7E,0x85,0x81,0x80,0x86,0x8B,0x87,
0x95,0x93,0x8D,0x93,0x94,0x87,0x80,0x81,0x7F,0x7B,0x81,0x81,0x7A,0x8B,0x92,0x95,
0x93,0x95,0x88,0x89,0x99,0x7D,0x76,0x71,0x67,0x6A,0x75,0x8E,0x85,0x7F,0x87,0x8F,
0x9D,0x91,0x86,0x8C,0x82,0x8A,0x85,0x73,0x73,0x6D,0x6E,0x6F,0x76,0x73,0x81,0xA3,
0x98,0x84,0x94,0x92,0x86,0x76,0x70,0x64,0x6A,0x7E,0x7B,0x76,0x75,0x81,0x78,0x73,
0x89,0x95,0x86,0x8C,0x7F,0x78,0x79,0x73,0x70,0x6C,0x6C,0x6C,0x77,0x74,0x78,0x86,
0x8D,0x84,0x91,0x7E,0x7C,0x81,0x6F,0x6B,0x58,0x6E,0x71,0x5E,0x6A,0x81,0x76,0x86,
0xA1,0x89,0x81,0x7B,0x77,0x6D,0x71,0x6D,0x6D,0x6E,0x65,0x77,0x76,0x82,0x7E,0x6B,
0x5D,0x6D,0x79,0x71,0x78,0x7C,0x7D,0x78,0x6D,0x72,0x8D,0x6F,0x69,0x6F,0x65,0x71,
0x7D,0x76,0x77,0x7A,0x61,0x65,0x71,0x73,0x72,0x6C,0x70,0x7E,0x74,0x77,0x7B,0x73,
0x77,0x6B,0x6D,0x78,0x72,0x5D,0x6F,0x72,0x6F,0x74,0x6D,0x6D,0x75,0x75,0x68,0x71,
0x7A,0x7A,0x6E,0x71,0x73,0x61,0x57,0x65,0x6A,0x73,0x76,0x74,0x7F,0x82,0x7B,0x6C,
0x78,0x6E,0x62,0x61,0x61,0x6B,0x6F,0x6B,0x71,0x75,0x6E,0x72,0x74,0x79,0x76,0x6E,
0x74,0x75,0x63,0x66,0x69,0x6B,0x76,0x6C,0x71,0x7F,0x75,0x73,0x6F,0x6C,0x73,0x73,
0x70,0x79,0x6F,0x5F,0x62,0x64,0x70,0x6C,0x74,0x76,0x74,0x71,0x74,0x74,0x77,0x75,
0x68,0x74,0x73,0x6C,0x69,0x71,0x69,0x69,0x71,0x72,0x77,0x76,0x7B,0x7C,0x7F,0x7F,
0x70,0x6F,0x70,0x68,0x6A,0x78,0x6F,0x68,0x6F,0x73,0x79,0x6F,0x79,0x77,0x7C,0x7C,
0x74,0x6F,0x77,0x7B,0x6E,0x71,0x6E,0x73,0x76,0x74,0x72,0x71,0x73,0x82,0x7E,0x7F,
0x7C,0x6E,0x67,0x78,0x88,0x77,0x6B,0x6B,0x6C,0x72,0x71,0x7E,0x86,0x7F,0x82,0x79,
0x70,0x6B,0x77,0x76,0x7A,0x73,0x71,0x81,0x83,0x7E,0x7D,0x81,0x82,0x79,0x71,0x6E,
0x73,0x77,0x74,0x7A,0x7D,0x7F,0x72,0x75,0x80,0x83,0x7F,0x84,0x8E,0x86,0x75,0x71,
0x7D,0x7A,0x73,0x71,0x78,0x83,0x85,0x82,0x81,0x79,0x7A,0x7A,0x7E,0x7E,0x7F,0x82,
0x7E,0x7E,0x7C,0x7C,0x7E,0x8B,0x7E,0x78,0x80,0x85,0x7B,0x7A,0x83,0x80,0x7B,0x80,
0x89,0x86,0x84,0x7E,0x82,0x80,0x8A,0x7C,0x7B,0x85,0x83,0x81,0x80,0x84,0x83,0x86,
0x7A,0x79,0x7B,0x7F,0x80,0x86,0x85,0x80,0x85,0x89,0x82,0x82,0x89,0x8A,0x82,0x83,
0x91,0x88,0x86,0x88,0x7F,0x7D,0x81,0x79,0x86,0x92,0x88,0x82,0x8B,0x93,0x89,0x82,
0x8B,0x87,0x7E,0x84,0x7D,0x7C,0x8A,0x89,0x85,0x8C,0x93,0x8B,0x7F,0x8A,0x7F,0x7E,
0x83,0x80,0x8B,0x94,0x8F,0x89,0x91,0x87,0x81,0x84,0x8A,0x86,0x88,0x96,0x89,0x7A,
0x85,0x95,0x8E,0x87,0x8A,0x81,0x87,0x90,0x84,0x8C,0x96,0x8C,0x87,0x87,0x86,0x86,
0x8B,0x86,0x89,0x88,0x8C,0x93,0x89,0x8C,0x89,0x89,0x8B,0x93,0x88,0x7F,0x87,0x7B,
0x85,0x91,0x8B,0x8F,0x92,0x93,0x88,0x8D,0x8B,0x8B,0x8F,0x8E,0x8D,0x83,0x8E,0x8B,
0x88,0x82,0x8A,0x8C,0x85,0x90,0x91,0x8D,0x88,0x8D,0x8F,0x8F,0x8D,0x85,0x89,0x8B,
0x8C,0x88,0x83,0x89,0x8F,0x92,0x8F,0x8B,0x8C,0x8A,0x8C,0x97,0x8E,0x86,0x8D,0x89,
0x81,0x8D,0x8F,0x8D,0x8D,0x86,0x8C,0x89,0x92,0x8C,0x85,0x90,0x8A,0x82,0x8D,0x92,
0x81,0x89,0x93,0x8E,0x92,0x93,0x8E,0x8C,0x8C,0x91,0x8C,0x85,0x86,0x7C,0x83,0x91,
0x8C,0x8A,0x8B,0x85,0x89,0x98,0x91,0x8A,0x89,0x81,0x88,0x8E,0x93,0x8F,0x8F,0x87,
0x74,0x7F,0x8A,0x92,0x8C,0x8C,0x8F,0x8F,0x8F,0x8A,0x8A,0x89,0x8B,0x83,0x86,0x83,
0x80,0x8A,0x8D,0x87,0x81,0x81,0x85,0x8D,0x87,0x88,0x8A,0x8E,0x8D,0x85,0x85,0x87,
0x85,0x79,0x80,0x87,0x89,0x83,0x83,0x8A,0x89,0x8C,0x8C,0x8B,0x87,0x82,0x7F,0x83,
0x84,0x81,0x86,0x88,0x80,0x85,0x87,0x88,0x86,0x85,0x83,0x80,0x87,0x88,0x87,0x82,
0x83,0x7F,0x7E,0x80,0x82,0x81,0x7D,0x82,0x83,0x88,0x88,0x83,0x79,0x7F,0x87,0x88,
0x85,0x82,0x7D,0x7B,0x80,0x86,0x8B,0x7E,0x83,0x7B,0x70,0x79,0x83,0x86,0x81,0x84,
0x7F,0x81,0x7F,0x7C,0x83,0x7F,0x7B,0x73,0x79,0x87,0x82,0x7C,0x82,0x80,0x81,0x82,
0x82,0x80,0x79,0x7F,0x83,0x80,0x7C,0x7E,0x7C,0x7D,0x81,0x7D,0x7C,0x83,0x85,0x7D,
0x7B,0x80,0x84,0x7B,0x79,0x7B,0x7C,0x81,0x7C,0x7C,0x7D,0x7C,0x78,0x7D,0x88,0x84,
0x7E,0x7A,0x78,0x80,0x81,0x82,0x87,0x7F,0x73,0x72,0x74,0x7C,0x83,0x83,0x80,0x79,
0x7D,0x7F,0x82,0x83,0x80,0x73,0x6D,0x79,0x7B,0x80,0x7F,0x7D,0x7C,0x84,0x7F,0x74,
0x7C,0x7A,0x79,0x7D,0x87,0x86,0x78,0x76,0x7C,0x77,0x7A,0x84,0x7D,0x75,0x71,0x74,
0x78,0x86,0x87,0x81,0x7B,0x7C,0x7E,0x80,0x80,0x78,0x7D,0x78,0x78,0x7E,0x7F,0x7A,
0x77,0x7E,0x77,0x79,0x80,0x7F,0x7C,0x78,0x7B,0x7C,0x80,0x7F,0x83,0x7F,0x76,0x78,
0x70,0x77,0x7D,0x80,0x84,0x83,0x82,0x7F,0x7F,0x76,0x74,0x74,0x76,0x76,0x79,0x7E,
0x80,0x84,0x7D,0x83,0x7C,0x71,0x78,0x7A,0x76,0x76,0x7B,0x7D,0x7E,0x7D,0x7C,0x77,
0x76,0x7C,0x7C,0x7B,0x7C,0x7C,0x78,0x7E,0x7A,0x74,0x74,0x78,0x7A,0x77,0x79,0x7B,
0x80,0x79,0x7D,0x80,0x7D,0x79,0x73,0x74,0x79,0x7E,0x7D,0x81,0x7C,0x7B,0x7C,0x7D,
0x7E,0x77,0x76,0x7C,0x7C,0x7A,0x7D,0x7D,0x80,0x7C,0x77,0x77,0x7B,0x7C,0x7D,0x7F,
0x7D,0x7A,0x7B,0x7C,0x7F,0x82,0x7B,0x7C,0x79,0x76,0x7C,0x7D,0x7C,0x7B,0x7E,0x7C,
0x79,0x7F,0x82,0x7C,0x78,0x7C,0x7A,0x7D,0x7E,0x7A,0x7D,0x7D,0x7C,0x7C,0x80,0x7D,
0x7D,0x7E,0x78,0x7D,0x7D,0x7B,0x7E,0x7C,0x77,0x7C,0x82,0x7D,0x7F,0x7C,0x7B,0x7E,
0x80,0x7F,0x7C,0x81,0x80,0x80,0x7E,0x80,0x7E,0x7E,0x7C,0x79,0x7E,0x7E,0x7A,0x79,
0x82,0x82,0x80,0x83,0x81,0x7F,0x7C,0x79,0x7E,0x7C,0x80,0x84,0x7C,0x81,0x7E,0x79,
0x7C,0x85,0x82,0x79,0x7B,0x7D,0x7F,0x80,0x83,0x7D,0x7C,0x7F,0x7A,0x7D,0x82,0x82,
0x7C,0x80,0x7E,0x7C,0x84,0x84,0x7F,0x78,0x78,0x7D,0x7E,0x7F,0x7F,0x7E,0x80,0x80,
0x7D,0x7D,0x81,0x80,0x7A,0x7C,0x7E,0x80,0x7E,0x7B,0x7B,0x7D,0x80,0x7E,0x7F,0x80,
0x7C,0x7D,0x81,0x80,0x80,0x81,0x80,0x7B,0x7A,0x7D,0x7C,0x7C,0x7F,0x7C,0x80,0x7C,
0x7C,0x82,0x7F,0x7F,0x7C,0x7C,0x7F,0x7F,0x7E,0x7C,0x7A,0x81,0x80,0x7C,0x7E,0x7F,
0x7C,0x7D,0x85,0x80,0x7D,0x81,0x7A,0x77,0x7C,0x7D,0x7A,0x7B,0x80,0x7F,0x81,0x83,
0x82,0x7B,0x7B,0x7F,0x77,0x78,0x7C,0x7C,0x7A,0x7F,0x82,0x81,0x7F,0x80,0x7F,0x7B,
0x7A,0x79,0x7C,0x7C,0x7C,0x7C,0x7D,0x7D,0x7B,0x7D,0x7F,0x7C,0x7B,0x7E,0x7E,0x81,
0x7E,0x7D,0x80,0x80,0x7B,0x7C,0x81,0x7C,0x79,0x7E,0x81,0x80,0x7E,0x7D,0x7E,0x7C,
0x7F,0x81,0x81,0x80,0x7C,0x7C,0x7E,0x7F,0x7D,0x7E,0x7D,0x79,0x7D,0x7F,0x7F,0x82,
0x7C,0x7A,0x7D,0x7D,0x7E,0x80,0x80,0x7D,0x7B,0x7D,0x7F,0x7E,0x80,0x7D,0x7A,0x7D,
0x81,0x80,0x7C,0x80,0x7F,0x7C,0x7F,0x7C,0x78,0x7E,0x7E,0x7A,0x7B,0x80,0x80,0x7D,
0x7E,0x81,0x7A,0x79,0x7D,0x7A,0x7A,0x7B,0x7C,0x7D,0x80,0x7F,0x7E,0x7F,0x7F,0x7C,
0x7F,0x7F,0x7C,0x7E,0x7B,0x7A,0x7D,0x7E,0x7B,0x7B,0x7E,0x7C,0x7B,0x7E,0x7C,0x7D,
0x7D,0x80,0x7E,0x7C,0x7E,0x7C,0x7D,0x7E,0x7D,0x7A,0x7F,0x7F,0x7B,0x7D,0x7E,0x7D,
0x7F,0x7F,0x7B,0x7C,0x7D,0x7E,0x7E,0x7E,0x7E,0x7E,0x7D,0x7F,0x7C,0x7E,0x81,0x7E,
0x7C,0x7F,0x81,0x7C,0x82,0x80,0x7C,0x80,0x7F,0x7C,0x7F,0x80,0x7D,0x7D,0x7E,0x7D,
0x7F,0x7F,0x80,0x7F,0x7E,0x82,0x7F,0x80,0x81,0x7F,0x7F,0x80,0x7D,0x7D,0x83,0x80,
0x7B,0x81,0x83,0x7E,0x7E,0x80,0x7D,0x7C,0x7F,0x81,0x80,0x80,0x84,0x82,0x7F,0x80,
0x80,0x7E,0x7F,0x80,0x7F,0x81,0x7F,0x7D,0x7F,0x81,0x80,0x82,0x82,0x81,0x7E,0x7E,
0x81,0x80,0x7F,0x7E,0x7E,0x7E,0x7E,0x80,0x80,0x80,0x7F,0x7E,0x82,0x81,0x7E,0x7F,
0x80,0x7D,0x7C,0x7F,0x81,0x7E,0x7D,0x80,0x81,0x81,0x82,0x81,0x7D,0x7D,0x7C,0x7D,
0x7D,0x7F,0x81,0x7F,0x80,0x80,0x7F,0x7E,0x81,0x80,0x7E,0x7E,0x7E,0x7F,0x7E,0x7E,
0x7F,0x7F,0x7E,0x7D,0x7E,0x7D,0x7E,0x80,0x7F,0x7F,0x80,0x80,0x7E,0x7F,0x80,0x7F,
0x7F,0x81,0x80,0x80,0x7F,0x7E,0x81,0x82,0x80,0x7E,0x7F,0x80,0x7F,0x7F,0x81,0x7E,
0x7F,0x81,0x81,0x7F,0x81,0x81,0x7F,0x80,0x82,0x81,0x82,0x81,0x80,0x80,0x80,0x7F,
0x80,0x81,0x80,0x80,0x81,0x83,0x83,0x83,0x82,0x82,0x82,0x84,0x81,0x81,0x83,0x81,
0x80,0x81,0x82,0x80,0x82,0x82,0x80,0x82,0x84,0x84,0x84,0x83,0x84,0x82,0x82,0x84,
0x81,0x81,0x82,0x80,0x80,0x82,0x83,0x84,0x86,0x84,0x82,0x85,0x84,0x83,0x83,0x82,
0x81,0x80,0x80,0x83,0x83,0x82,0x80,0x81,0x82,0x81,0x82,0x82,0x83,0x82,0x84,0x83,
0x82,0x81,0x82,0x81,0x80,0x81,0x81,0x81,0x81,0x7F,0x82,0x83,0x81,0x83,0x82,0x80,
0x82,0x80,0x81,0x81,0x81,0x81,0x80,0x81,0x81,0x80,0x81,0x81,0x81,0x80,0x82,0x81,
0x80,0x82,0x83,0x7F,0x7F,0x82,0x80,0x7F,0x83,0x81,0x7F,0x82,0x82,0x81,0x81,0x81,
0x81,0x7F,0x82,0x82,0x7F,0x82,0x82,0x81,0x82,0x82,0x82,0x81,0x82,0x82,0x81,0x83,
0x82,0x83,0x82,0x81,0x83,0x83,0x84,0x83,0x83,0x84,0x83,0x83,0x85,0x85,0x84,0x83,
0x83,0x83,0x82,0x81,0x84,0x85,0x82,0x82,0x85,0x86,0x85,0x84,0x86,0x84,0x82,0x85,
0x83,0x82,0x83,0x84,0x83,0x83,0x84,0x84,0x85,0x85,0x85,0x85,0x85,0x85,0x84,0x85,
0x86,0x83,0x84,0x85,0x83,0x83,0x84,0x83,0x82,0x83,0x85,0x84,0x84,0x85,0x84,0x84,
0x85,0x85,0x85,0x84,0x85,0x83,0x81,0x84,0x84,0x81,0x82,0x83,0x82,0x83,0x84,0x83,
0x84,0x83,0x84,0x83,0x82,0x84,0x82,0x81,0x82,0x80,0x80,0x82,0x80,0x80,0x81,0x82,
0x81,0x82,0x84,0x82,0x81,0x81,0x82,0x80,0x81,0x80,0x7E,0x7F,0x80,0x80,0x7F,0x7F,
0x80,0x7F,0x80,0x80,0x80,0x82,0x7F,0x80,0x81,0x80,0x80,0x7F,0x7F,0x7E,0x7F,0x7F,
0x80,0x80,0x7F,0x80,0x80,0x81,0x80,0x7F,0x80,0x80,0x80,0x80,0x81,0x7F,0x7F,0x80,
0x81,0x80,0x7F,0x81,0x81,0x81,0x81,0x82,0x81,0x81,0x81,0x80,0x80,0x80,0x80,0x80,
0x81,0x80,0x81,0x83,0x81,0x81,0x83,0x82,0x80,0x82,0x82,0x82,0x80,0x82,0x81,0x81,
0x83,0x82,0x82,0x82,0x84,0x83,0x82,0x84,0x83,0x82,0x84,0x84,0x80,0x83,0x85,0x81,
0x82,0x84,0x84,0x83,0x83,0x84,0x83,0x83,0x85,0x82,0x82,0x83,0x82,0x82,0x83,0x83,
0x82,0x84,0x84,0x82,0x83,0x84,0x84,0x82,0x82,0x84,0x82,0x82,0x82,0x80,0x80,0x82,
0x81,0x80,0x82,0x83,0x81,0x82,0x83,0x81,0x84,0x82,0x7E,0x81,0x81,0x7F,0x80,0x81,
0x80,0x80,0x81,0x81,0x81,0x80,0x80,0x80,0x80,0x80,0x7F,0x80,0x80,0x7D,0x7E,0x80,
0x7F,0x7E,0x7D,0x7D,0x7D,0x7F,0x7E,0x7E,0x7E,0x7D,0x7D,0x7E,0x7E,0x7C,0x7E,0x7D,
0x7C,0x7D,0x7E,0x7D,0x7D,0x7D,0x7C,0x7B,0x7C,0x7F,0x7D,0x7C,0x7D,0x7E,0x7C,0x7C,
0x7D,0x7B,0x7D,0x7D,0x7A,0x7C,0x7E,0x7D,0x7D,0x7E,0x7D,0x7C,0x7E,0x7E,0x7D,0x7D,
0x7E,0x7E,0x7E,0x7F,0x7E,0x7C,0x7D,0x7D,0x7D,0x7E,0x7F,0x7F,0x7F,0x7F,0x80,0x80,
0x81,0x80,0x7E,0x7F,0x80,0x7F,0x7F,0x80,0x80,0x80,0x7F,0x80,0x80,0x80,0x81,0x80,
0x81,0x82,0x82,0x81,0x82,0x82,0x81,0x81,0x82,0x82,0x80,0x82,0x83,0x81,0x82,0x83,
0x83,0x82,0x83,0x84,0x83,0x83,0x83,0x82,0x82,0x82,0x82,0x82,0x82,0x81,0x82,0x82,
0x82,0x81,0x82,0x83,0x82,0x83,0x82,0x82,0x82,0x81,0x81,0x81,0x80,0x80,0x80,0x7F,
0x80,0x80,0x81,0x80,0x7F,0x80,0x7F,0x7F,0x7F,0x7F,0x7F,0x80,0x7E,0x7E,0x7E,0x7D,
0x7D,0x7D,0x7D,0x7C,0x7C,0x7D,0x7D,0x7B,0x7C,0x7C,0x7C,0x7C,0x7C,0x7C,0x7B,0x7B,
0x7B,0x7B,0x7B,0x7B,0x79,0x79,0x7A,0x79,0x79,0x7A,0x7A,0x79,0x7A,0x7B,0x7B,0x7A,
0x7A,0x79,0x79,0x79,0x78,0x79,0x78,0x78,0x79,0x78,0x79,0x79,0x79,0x7A,0x79,0x78,
0x7A,0x7B,0x7B,0x7A,0x7A,0x7B,0x7A,0x7A,0x7B,0x7A,0x79,0x7B,0x7B,0x7A,0x7C,0x7C,
0x7C,0x7C,0x7C,0x7C,0x7E,0x7D,0x7C,0x7C,0x7D,0x7D,0x7D,0x7D,0x7E,0x7D,0x7D,0x7F,
0x7E,0x7E,0x80,0x81,0x7F,0x80,0x80,0x81,0x80,0x81,0x7F,0x7F,0x82,0x81,0x80,0x81,
0x81,0x81,0x81,0x82,0x83,0x82,0x83,0x83,0x83,0x83,0x83,0x82,0x82,0x82,0x82,0x81,
0x82,0x83,0x81,0x82,0x83,0x82,0x82,0x82,0x82,0x82,0x82,0x83,0x81,0x82,0x83,0x81,
0x7F,0x80,0x81,0x80,0x80,0x7F,0x7E,0x80,0x81,0x80,0x7F,0x7F,0x80,0x7F,0x7F,0x7F,
0x7E,0x7E,0x7E,0x7C,0x7B,0x7C,0x7D,0x7A,0x7A,0x7C,0x7C,0x7B,0x7C,0x7B,
};

#endif